Nome,Nota,Data,Genêros,Material Fonte,Tipo,Número de episódios,Classificação,Posicionamento no ranking,Posicionamento de popularidade,Número de membros,Favoritos,Foto,Sinopse
Sousou no Frieren,9.27,"Sep 29, 2023 to Mar 22, 2024","['Adventure', 'Award Winning', 'Drama', 'Fantasy']",Manga,TV,28,PG-13 - Teens 13 or older,#1,#104,"1,413,150","88,180",https://myanimelist.net/images/anime/1015/138006.jpg,"During their decade-long quest to defeat the Demon King, the members of the hero's party—Himmel himself, the priest Heiter, the dwarf warrior Eisen, and the elven mage Frieren—forge bonds through adventures and battles, creating unforgettable precious memories for most of them.

However, the time that Frieren spends with her comrades is equivalent to merely a fraction of her life, which has lasted over a thousand years. When the party disbands after their victory, Frieren casually returns to her ""usual"" routine of collecting spells across the continent. Due to her different sense of time, she seemingly holds no strong feelings toward the experiences she went through.

As the years pass, Frieren gradually realizes how her days in the hero's party truly impacted her. Witnessing the deaths of two of her former companions, Frieren begins to regret having taken their presence for granted; she vows to better understand humans and create real personal connections. Although the story of that once memorable journey has long ended, a new tale is about to begin.

[Written by MAL Rewrite]"
Steel Ball Run: JoJo no Kimyou na Bouken,9.16,"Mar 19, 2026 to ?","['Action', 'Adventure', 'Mystery', 'Supernatural']",Manga,ONA,Unknown,R - 17+ (violence & profanity),#2,#1440,"191,089","6,074",https://myanimelist.net/images/anime/1448/154111.jpg,"In the American Old West, the world's greatest race is about to begin. Thousands line up in San Diego to travel over six thousand kilometers for a chance to win the grand prize of fifty million dollars. With the era of the horse reaching its end, contestants are allowed to use any kind of vehicle they wish. Competitors will have to endure grueling conditions, traveling up to a hundred kilometers a day through uncharted wastelands. The Steel Ball Run is truly a one-of-a-kind event.

The youthful Johnny Joestar, a crippled former horse racer, has come to San Diego to watch the start of the race. There he encounters Gyro Zeppeli, a racer with two steel balls at his waist instead of a gun. Johnny witnesses Gyro using one of his steel balls to unleash a fantastical power, compelling a man to fire his gun at himself during a duel. In the midst of the action, Johnny happens to touch the steel ball and feels a power surging through his legs, allowing him to stand up for the first time in two years. Vowing to find the secret of the steel balls, Johnny decides to compete in the race, and so begins his bizarre adventure across America on the Steel Ball Run.

[Written by MAL Rewrite]"
Gintama',9.02,"Apr 4, 2011 to Mar 26, 2012","['Action', 'Comedy', 'Sci-Fi']",Manga,TV,51,PG-13 - Teens 13 or older,#11,#406,"612,318","8,591",https://myanimelist.net/images/anime/4/50361.jpg,"After a one-year hiatus, Shinpachi Shimura returns to Edo, only to stumble upon a shocking surprise: Gintoki and Kagura, his fellow Yorozuya members, have become completely different characters! Fleeing from the Yorozuya headquarters in confusion, Shinpachi finds that all the denizens of Edo have undergone impossibly extreme changes, in both appearance and personality. Most unbelievably, his sister Otae has married the Shinsengumi chief and shameless stalker Isao Kondou and is pregnant with their first child.

Bewildered, Shinpachi agrees to join the Shinsengumi at Otae and Kondou's request and finds even more startling transformations afoot both in and out of the ranks of the the organization. However, discovering that Vice Chief Toushirou Hijikata has remained unchanged, Shinpachi and his unlikely Shinsengumi ally set out to return the city of Edo to how they remember it.

With even more dirty jokes, tongue-in-cheek parodies, and shameless references, Gintama' follows the Yorozuya team through more of their misadventures in the vibrant, alien-filled world of Edo.

[Written by MAL Rewrite]"
Luo Xiaohei Zhanji 2,8.62,"Jul 18, 2025","['Adventure', 'Drama', 'Fantasy']",Original,Movie,1,G - All Ages,#101,#7419,"9,454",74,https://myanimelist.net/images/anime/1288/151853.jpg,"When an attack shatters the fragile peace between the spirit world and humanity, Hei teams up with Luye, the last disciple of his Shifu Wuxian, to expose a conspiracy that threatens both realms—and the bond they've sworn to protect.

(Source: AMC Theatres)"
Made in Abyss,8.62,"Jul 7, 2017 to Sep 29, 2017","['Adventure', 'Drama', 'Fantasy', 'Mystery', 'Sci-Fi']",Web manga,TV,13,R - 17+ (violence & profanity),#102,#92,"1,546,098","47,752",https://myanimelist.net/images/anime/6/86733.jpg,"The Abyss—a gaping chasm stretching down into the depths of the earth, filled with mysterious creatures and relics from a time long past. How did it come to be? What lies at the bottom? Countless brave individuals, known as Divers, have sought to solve these mysteries of the Abyss, fearlessly descending into its darkest realms. The best and bravest of the Divers, the White Whistles, are hailed as legends by those who remain on the surface.

Riko, daughter of the missing White Whistle Lyza the Annihilator, aspires to become like her mother and explore the furthest reaches of the Abyss. However, just a novice Red Whistle herself, she is only permitted to roam its most upper layer. Even so, Riko has a chance encounter with a mysterious robot with the appearance of an ordinary young boy. She comes to name him Reg, and he has no recollection of the events preceding his discovery. Certain that the technology to create Reg must come from deep within the Abyss, the two decide to venture forth into the chasm to recover his memories and see the bottom of the great pit with their own eyes. However, they know not of the harsh reality that is the true existence of the Abyss.

[Written by MAL Rewrite]"
Shiguang Dailiren II,8.62,"Jul 14, 2023 to Sep 22, 2023","['Drama', 'Mystery', 'Suspense']",Original,ONA,12,R - 17+ (violence & profanity),#103,#1606,"170,773","2,162",https://myanimelist.net/images/anime/1897/137108.jpg,"The attempt to capture the mysterious perpetrator who possesses people ends tragically: Lu Guang is rushed to the hospital in a critical state, while Cheng Xiaoshi is arrested for the alleged crime. In light of recent events, the father of Liu Min unleashes his skilled, ruthless lawyer—Qian Jin—after Police Chief Li Xiao, who is spearheading the investigation related to the photo studio owned by Qiao Ling.

It appears that no one is safe from the unpredictable and fatal attacks of the adversary who painstakingly hides their identity. As he tries to learn from his past mistakes, Cheng Xiaoshi must act swiftly and decisively to put an end to this devastating trail of death.

[Written by MAL Rewrite]"
Bungou Stray Dogs 5th Season,8.61,"Jul 12, 2023 to Sep 20, 2023","['Action', 'Mystery']",Manga,TV,11,R - 17+ (violence & profanity),#104,#1086,"257,221","2,965",https://myanimelist.net/images/anime/1161/136691.jpg,"The Armed Detective Agency is still on the run from the Hunting Dogs, but not all hope is lost. Detective Ranpo Edogawa has a plan to prove the Agency's innocence and save the world from chaos: to find and capture Kamui—the leader of the terrorist organization Decay of the Angel. 

In order to determine Kamui's whereabouts, Ranpo and his colleague Atsushi Nakajima must convince Ouchi Fukuchi, the renowned captain of the Hunting Dogs, for amnesty. Although Fukuchi was tasked with arresting the members of the Agency, his past with the Agency's president, Yukichi Fukuzawa, may be the key to earning his trust. But unbeknownst to them, Fukuchi might not be as honorable as he proclaims.

[Written by MAL Rewrite]"
Guimi Zhi Zhu: Xiaochou Pian,8.61,"Jun 28, 2025 to Aug 16, 2025","['Action', 'Fantasy', 'Mystery', 'Suspense']",Web novel,ONA,13,R - 17+ (violence & profanity),#105,#1387,"200,025","4,095",https://myanimelist.net/images/anime/1952/149229.jpg,"In a Victorian world of steam, dreadnoughts, and occult horrors, Zhou Mingrui awakens as Klein Moretti. He walks a razor's edge between light and darkness, entangled with warring Churches. This is the legend of unlimited potential...and unspeakable danger.

(Source: Crunchyroll)"
Haikyuu!! Movie: Gomisuteba no Kessen,8.61,"Feb 16, 2024",['Sports'],Manga,Movie,1,PG-13 - Teens 13 or older,#106,#1248,"224,792","1,726",https://myanimelist.net/images/anime/1665/140360.jpg,"Kenma Kozume has never considered volleyball fun or thrilling: it is merely something he is good at. But now Nekoma High School's volleyball team has qualified for the Spring Nationals and prepares to battle their long-standing rivals—Karasuno. Now, Kenma has to analyze the most confounding and resilient team and lead Nekoma to victory against them. Moreover, he will play against his friend Shouyou Hinata, Karasuno's short but incredibly proficient middle blocker.

Karasuno has never been able to beat Nekoma in practice matches. Even so, despite his usual indifference, Kenma feels a tinge of excitement at the prospect of facing Karasuno in a high-stakes official game with no do-overs. To advance to the semifinals and ultimately restore their team's former glory, Karasuno must find a way to overcome Kenma's brilliant strategy and defeat Nekoma in their own territory.

[Written by MAL Rewrite]"
Hajime no Ippo: Rising,8.61,"Oct 6, 2013 to Mar 30, 2014",['Sports'],Manga,TV,25,PG-13 - Teens 13 or older,#107,#935,"297,852","1,420",https://myanimelist.net/images/anime/6/56147.jpg,"Japanese Featherweight Champion Makunouchi Ippo has defended his title belt once more with the help of his devastating signature move: the Dempsey Roll. However, new challengers are rising up left and right, claiming to have an answer for the move responsible for crushing his opponents. Will Ippo be able to step up to the challenge, or will the weight of his pride destroy him before he finds out just what it means to be strong? Meanwhile, fellow Kamogawa Gym mate Aoki Masaru is just a hop, skip, and a Frog Punch away from claiming his own belt, ready to take on the Japanese Lightweight Champion!

Hajime no Ippo: Rising continues Ippo's quest to become stronger, featuring the same cast of loveable dimwits from Kamogawa Gym, as they put their bodies and hearts on the line to make their way in the harsh world of professional boxing. With a will of iron, Ippo steps into the ring once again.

[Written by MAL Rewrite]"
Kaguya-sama wa Kokurasetai? Tensai-tachi no Renai Zunousen,8.61,"Apr 11, 2020 to Jun 27, 2020","['Comedy', 'Romance']",Manga,TV,12,PG-13 - Teens 13 or older,#108,#96,"1,494,794","19,048",https://myanimelist.net/images/anime/1764/106659.jpg,"After a slow but eventful summer vacation, Shuchiin Academy's second term is now starting in full force. As August transitions into September, Miyuki Shirogane's birthday looms ever closer, leaving Kaguya Shinomiya in a serious predicament as to how to celebrate it. Furthermore, the tenure of the school's 67th student council is coming to an end. Due to the council members being in different classes, the only time Kaguya and Miyuki have to be together will soon disappear, putting all of their cunning plans at risk.

A long and difficult election that will decide the fate of the new student council awaits, as multiple challengers fight for the coveted title of president.

[Written by MAL Rewrite]"
Kenpuu Denki Berserk,8.61,"Oct 8, 1997 to Apr 1, 1998","['Action', 'Adventure', 'Drama', 'Fantasy', 'Horror']",Manga,TV,25,R+ - Mild Nudity,#109,#304,"763,006","31,523",https://myanimelist.net/images/anime/1384/119988.jpg,"Guts, a man who will one day be known as the Black Swordsman, is a young traveling mercenary characterized by the large greatsword he carries. He accepts jobs that offer the most money, but he never stays with one group for long—until he encounters the Band of the Falcon. Ambushed after completing a job, Guts crushes many of its members in combat. Griffith, The Band of the Falcon's leader and founder, takes an interest in Guts and duels him. While the others are no match for Guts, Griffith defeats him in one blow.

Incapacitated and taken into the Band of the Falcon's camp to recover, Guts wakes up two days later. He confronts Griffith, and the two duel yet again, only this time with a condition: Guts will join the Band of the Falcon if he loses. Due to his fresh injuries, Guts loses the fight and is inducted by Griffith.

In three years' time, Guts has become one of the Band of the Falcon's commanders. On the battlefield, his combat prowess is second only to Griffith as he takes on large groups of enemies all on his own. With Guts' immense strength and Griffith's leadership, the Band of the Falcon dominate every battle they partake in. But something menacing lurks in the shadows, threatening to change Guts' life forever.

[Written by MAL Rewrite]"
Mushoku Tensei: Isekai Ittara Honki Dasu Part 2,8.61,"Oct 4, 2021 to Dec 20, 2021","['Adventure', 'Drama', 'Fantasy', 'Ecchi']",Light novel,TV,12,R - 17+ (violence & profanity),#110,#160,"1,113,770","19,220",https://myanimelist.net/images/anime/1028/117777.jpg,"After the mysterious mana calamity, Rudeus Greyrat and his fierce student Eris Boreas Greyrat are teleported to the Demon Continent. There, they team up with their newfound companion Ruijerd Supardia—the former leader of the Superd's Warrior group—to form ""Dead End,"" a successful adventurer party. Making a name for themselves, the trio journeys across the continent to make their way back home to Fittoa.

Following the advice he received from the faceless god Hitogami, Rudeus saves Kishirika Kishirisu, the Great Emperor of the Demon World, who rewards him by granting him a strange power. Now, as Rudeus masters the powerful ability that offers a number of new opportunities, it might prove to be more than what he bargained for when unexpected dangers threaten to hinder their travels.

[Written by MAL Rewrite]"
Gintama': Enchousen,9.02,"Oct 4, 2012 to Mar 28, 2013","['Action', 'Comedy', 'Sci-Fi']",Manga,TV,13,PG-13 - Teens 13 or older,#12,#762,"357,364","3,179",https://myanimelist.net/images/anime/1452/123686.jpg,"While Gintoki Sakata was away, the Yorozuya found themselves a new leader: Kintoki, Gintoki's golden-haired doppelganger. In order to regain his former position, Gintoki will need the help of those around him, a troubling feat when no one can remember him! Between Kintoki and Gintoki, who will claim the throne as the main character?

In addition, Yorozuya make a trip back down to red-light district of Yoshiwara to aid an elderly courtesan in her search for her long-lost lover. Although the district is no longer in chains beneath the earth's surface, the trio soon learn of the tragic backstories of Yoshiwara's inhabitants that still haunt them. With flashback after flashback, this quest has Yorozuya witnessing everlasting love and protecting it as best they can with their hearts and souls.

[Written by MAL Rewrite]"
Natsume Yuujinchou Roku,8.61,"Apr 12, 2017 to Jun 21, 2017","['Slice of Life', 'Supernatural']",Manga,TV,11,PG-13 - Teens 13 or older,#111,#1354,"205,585","1,158",https://myanimelist.net/images/anime/6/84416.jpg,"Takashi Natsume has grown accustomed to his encounters with youkai through the Book of Friends, which contains the names of youkai whom his grandmother, Reiko Natsume, has sealed in contracts. These encounters allow Natsume to better understand the youkai, Reiko, and himself. 

The Book of Friends is a powerful tool that can be used to control youkai; it is sought after by both youkai and exorcists alike. Natsume just wants to live out his daily life in peace but is constantly disrupted by these experiences. If he is to end this torment, Natsume must explore more about the book and the world of exorcism, as well as begin to open his heart to those who can help him.

[Written by MAL Rewrite]"
Tengen Toppa Gurren Lagann Movie 2: Lagann-hen,8.61,"Apr 22, 2009",['Sci-Fi'],Original,Movie,1,R+ - Mild Nudity,#112,#1183,"238,346","1,213",https://myanimelist.net/images/anime/12/19698.jpg,"Humans have enjoyed their lavish, peaceful, and prosperous lives for seven years since the day the almighty Spiral King was defeated—the day they reclaimed their homeland, Earth. However, the boon of this lifestyle leaves them unprepared when an unknown, hostile threat arises due to the ever-growing human population. This calamity is the Anti-Spiral—a fearsome enemy with unparalleled power. 

As the Spiral King's prognosis postulating the destruction of ""The Spiral's World"" begins to come true, the pieces are in place, and Team Dai-Gurren is ready. With his late brother's hope to see a better future for mankind, Simon—along with Nia Teppelin and the rest of the team—is determined to overthrow the mighty Anti-Spiral in order to revive humanity's lost hope.

[Written by MAL Rewrite]"
Chiikawa,8.60,"Apr 4, 2022 to ?",['Slice of Life'],Web manga,TV,Unknown,G - All Ages,#113,#5511,"19,948",680,https://myanimelist.net/images/anime/1783/121944.jpg,"What's a Chiikawa? No one really knows, but everyone can see they're small, they're cute, and they're always having a fun time! Join them as they explore their surreal world with the sharp humor and clever antics that make the Chiikawa irresistible.

(Source: HIDIVE, edited)"
Made in Abyss Movie 3: Fukaki Tamashii no Reimei,8.60,"Jan 17, 2020","['Adventure', 'Drama', 'Fantasy', 'Mystery', 'Sci-Fi']",Web manga,Movie,1,R - 17+ (violence & profanity),#114,#469,"535,590","3,972",https://myanimelist.net/images/anime/1803/117183.jpg,"After bonding over a tragic loss, the long-suffering Nanachi joins Riko and Reg on their journey into the depths of the Abyss. Awaiting the children is the Sea of Corpses—the Abyss's fifth layer, and the deepest level from which a traveler can return without losing their human form.

The masked sadist Bondrewd stands between the children and the rest of their adventure. Bondrewd's horrific laboratory serves as a final checkpoint for those wishing to traverse deeper into the Abyss, and the sociopathic scientist has no desire to allow Riko's party to pass through at no cost. Deeply scarred by Bondrewd's impact on their childhood, Nanachi is engulfed in turmoil over his resurgence in their life.

Bondrewd's only apparent weakness is Prushka, a brash child who claims to be his daughter. Riko, Reg, and Nanachi befriend Prushka and work with the girl to overcome her father's machinations and breach the Abyss's sixth layer.

[Written by MAL Rewrite]"
Made in Abyss: Retsujitsu no Ougonkyou,8.60,"Jul 6, 2022 to Sep 28, 2022","['Adventure', 'Drama', 'Fantasy', 'Mystery', 'Sci-Fi']",Web manga,TV,12,R - 17+ (violence & profanity),#115,#467,"536,743","6,891",https://myanimelist.net/images/anime/1864/122519.jpg,"After surviving the brutal challenges of Idofront, Riko now possesses a White Whistle, allowing her to descend into the Abyss's sixth layer—The Capital of the Unreturned. Alongside Reg and Nanachi, Riko begins to explore the uncharted domain, where the ruins of the promised Golden City are located.

As the trio starts to adapt to the harsh environment, they soon encounter dangerous creatures and treacherous landscapes. Their expedition leads them to a village inhabited by strange beings known as ""hollows."" Despite the creeping sense of unease that welcomes them, the three venture onward to uncover the mysteries of the settlement and long-lost legacies of the forgotten adventurers who once descended into the horrors of the unexplored Abyss.

[Written by MAL Rewrite]"
Dungeon Meshi,8.59,"Jan 4, 2024 to Jun 13, 2024","['Adventure', 'Comedy', 'Fantasy', 'Gourmet']",Manga,TV,24,R - 17+ (violence & profanity),#116,#433,"575,827","12,440",https://myanimelist.net/images/anime/1711/142478.jpg,"Adventuring knight Laios Touden leads a small party through a seemingly endless dungeon, a subterranean maze full of dangerous monsters and precarious traps. Through the use of advanced magic, an explorer can sometimes be resurrected, allowing them to learn from past mistakes and give traversing the dungeon another go. However, when a powerful dragon eats Falin, Laios' spellcasting sister, she sends her brother and his companions back to the beginning to save them from permanent ends.

Though strapped for cash and equipment, Laios resolves to fight his way through the dungeon and rescue Falin before she can be digested by the dragon. Despite some of Laios' allies abandoning him, two remain by his side: elven mage Marcille Donato and halfling locksmith Chilchuck Tims. Due to their lack of funds, the party faces the daunting prospect of starving before being able to complete their quest. However, they find salvation in Senshi, a dwarven warrior with a penchant for cooking and safely eating defeated monsters.

With Senshi's culinary expertise, Laios and his companions struggle through the dungeon while learning about gourmet dining—and each other—along the way.

[Written by MAL Rewrite]"
Seishun Buta Yarou wa Yumemiru Shoujo no Yume wo Minai,8.59,"Jun 15, 2019","['Drama', 'Romance', 'Supernatural']",Light novel,Movie,1,PG-13 - Teens 13 or older,#117,#275,"817,810","11,220",https://myanimelist.net/images/anime/1613/102179.jpg,"Six months ago, Sakuta Azusagawa had a chance encounter with a bunny girl in a library. Ever since then, he's been blissfully happy with his girlfriend: Mai Sakurajima, that same bunny girl. However, the reappearance of his mysterious first crush, the now-adult Shouko Makinohara, adds a new complication to his relationship with Mai. To make matters worse, he then encounters a middle school Shouko in the hospital, suffering from a grave illness. Mysteriously, his old scars begin throbbing whenever he's near her.

With Shouko's bizarre situation somehow revolving around him, Sakuta will need to come to terms with his own conflicting feelings, for better or worse. With a girl's life in his hands, just what can he do?

[Written by MAL Rewrite]"
Suzumiya Haruhi no Shoushitsu,8.59,"Feb 6, 2010","['Award Winning', 'Mystery', 'Sci-Fi', 'Supernatural']",Light novel,Movie,1,PG-13 - Teens 13 or older,#118,#377,"648,202","14,263",https://myanimelist.net/images/anime/1248/112352.jpg,"On a cold December day, Kyon arrives at school prepared for another outing with his fellow SOS Brigade members. However, much to his surprise, he discovers that almost everything has changed completely: Haruhi Suzumiya and Itsuki Koizumi are nowhere to be found; Mikuru Asahina does not recognize him at all; Yuki Nagato is a regular human; and Ryouko Asakura has mysteriously returned. Although he is no stranger to the supernatural, Kyon is disturbed by this odd turn of events and decides to investigate on his own.

Finding himself to be the only person that is aware of the previous reality, Kyon is now faced with a difficult choice: to finally live the normal life he has always wanted, or uncover a way to turn back the hands of time and restore his chaotic yet familiar world.

[Written by MAL Rewrite]"
JoJo no Kimyou na Bouken Part 5: Ougon no Kaze,8.58,"Oct 6, 2018 to Jul 28, 2019","['Action', 'Adventure']",Manga,TV,39,R - 17+ (violence & profanity),#119,#144,"1,165,152","34,914",https://myanimelist.net/images/anime/1882/94989.jpg,"In the coastal city of Naples, corruption is teeming—the police blatantly conspire with outlaws, drugs run rampant around the youth, and the mafia governs the streets with an iron fist. However, various fateful encounters will soon occur.

Enter Giorno Giovanna, a 15-year-old boy with an eccentric connection to the Joestar family, who makes a living out of part-time jobs and pickpocketing. Furthermore, he is gifted with the unexplained Stand ability to give and create life—growing plants from the ground and turning inanimate objects into live animals, an ability he has dubbed ""Gold Experience."" Fascinated by the might of local gangsters, Giorno has dreamed of rising up in their ranks and becoming a ""Gang-Star,"" a feat made possible by his encounter with Bruno Bucciarati, a member of the Passione gang with his own sense of justice.

JoJo no Kimyou na Bouken: Ougon no Kaze follows the endeavors of Giorno after joining Bruno's team while working under Passione, fending off other gangsters and secretly plotting to overthrow their mysterious boss.

[Written by MAL Rewrite]"
Mushishi Zoku Shou: Suzu no Shizuku,8.58,"May 16, 2015","['Adventure', 'Mystery', 'Slice of Life', 'Supernatural']",Manga,Movie,1,PG-13 - Teens 13 or older,#120,#1858,"140,903",235,https://myanimelist.net/images/anime/9/72689.jpg,"On a warm summer day, a boy heard the sound of bells ringing, as if in celebration, in the mountain near his home. Several years later in that same mountain, the mushishi Ginko encounters a strange girl with weeds growing out of her body. Soon after, Ginko coincidentally runs into the now grown-up boy Yoshiro on his way off the mountain. With Yoshiro's help, Ginko soon begins to uncover who this mysterious girl is and what happened to her.

An adaptation of the last arc in the manga, Mushishi Zoku Shou: Suzu no Shizuku follows Ginko's peculiar journey amidst the occult to unravel the mystery behind the enigmatic girl called Kaya and the mountain that has become her home.

[Written by MAL Rewrite]"
One Piece Fan Letter,9.02,"Oct 20, 2024","['Action', 'Adventure', 'Fantasy']",Light novel,TV Special,1,PG-13 - Teens 13 or older,#13,#1747,"152,086","2,566",https://myanimelist.net/images/anime/1455/146229.jpg,"Although the golden age of piracy is about to reach new heights, most people do not seek the glory of finding the elusive One Piece—a treasure signifying a new conqueror of all seas that was once embodied by the legendary King of the Pirates, Gol D. Roger. However, even if civilians generally despise pirates, they secretly cheer for at least one of them. 

One red-headed girl from Sabaody Archipelago is no exception: She reveres Nami, the ingenious female navigator of Monkey D. Luffy's Straw Hat crew. Determined to deliver a fan letter to her idol, the Sabaody child is prepared to challenge forces of authority who strive to prevent Luffy and his friends from departing for their next destination: the New World. But to succeed, Nami's fan may need to risk her life and interfere with the Marines' plans, potentially causing devastating consequences for the wider world.

[Written by MAL Rewrite]"
Natsume Yuujinchou Shichi,8.58,"Oct 8, 2024 to Dec 24, 2024","['Slice of Life', 'Supernatural']",Manga,TV,12,PG-13 - Teens 13 or older,#121,#3295,"58,135",529,https://myanimelist.net/images/anime/1270/145168.jpg,"As a young child, Takashi Natsume believed his ability to see youkai to be nothing but a curse. Now a high school student, Natsume has managed to heal from his old wounds and form unbreakable bonds with humans and youkai alike. Natsume's newfound friendships—including the one with his spirit bodyguard Madara, nicknamed ""Nyanko-sensei""—are often interlaced with his duty to return the names of the spirits written inside the Book of Friends, his late grandmother Reiko's keepsake. While more remarkable youkai reach out to him, Natsume discovers that he still has much to learn about the world that surrounds him.

[Written by MAL Rewrite]"
Shin Evangelion Movie:||,8.58,"Mar 8, 2021","['Award Winning', 'Drama', 'Sci-Fi', 'Suspense']",Original,Movie,1,PG-13 - Teens 13 or older,#122,#637,"423,401","8,271",https://myanimelist.net/images/anime/1422/113533.jpg,"Following NERV's failed attempt to retrieve the Spears of Longinus and carry out the Human Instrumentality Project, the destruction caused by the Fourth Impact has been largely averted. In a state of disarray, Shinji Ikari, Asuka Langley Shikinami, and Rei Ayanami travel to Village 3—a survivor settlement free from Earth's ruination. There, Shinji slowly comes to terms with his past, developing an entirely different life from his days as an Evangelion pilot.

Meanwhile, NERV makes preparations to continue the Instrumentality Project by means of a new Impact. When WILLE's main aerial battleship arrives at the village, Shinji decides to board, believing that he can help by piloting an Evangelion. As new secrets are uncovered and a battle between WILLE and NERV approaches, the future of Earth hangs in the balance. Can Shinji save humanity and the rest of the world one last time?

[Written by MAL Rewrite]"
Uma Musume: Cinderella Gray,8.58,"Apr 6, 2025 to Jun 29, 2025","['Drama', 'Sports']",Manga,TV,13,PG-13 - Teens 13 or older,#123,#2412,"98,165","1,488",https://myanimelist.net/images/anime/1626/148097.jpg,"Tokyo is the home of national-level horse girls and the next generation of running prodigies. Jou Kitahara, a rookie trainer with big dreams and modest expectations, does not expect to find talent in the quiet town of Kasamatsu—until he meets an ash-gray-haired girl with a wild, unconventional stride.

As a child with bad knees, Oguri Cap spent much of her early life in pain, struggling to stand. But through relentless perseverance, she overcame her limits and found liberation in the very thing that once seemed impossible: running. While the other horse girls at Kasamatsu chase victory and fame, Oguri runs without ambition, driven only by the joy of movement.

Fujimasa March, a rising regional star, commands attention with her discipline, talent, and tenacity. For her, running is a matter of pride. But when a school-organized race brings her face-to-face with Oguri's raw, unpolished stride, March's confidence begins to waver. In turn, something in Oguri shifts after racing March. For the first time, a spark of ambition ignites within her—a desire to win that will take her beyond the confines of her hometown to the grand stages waiting on the horizon.

[Written by MAL Rewrite]"
Nana,8.57,"Apr 5, 2006 to Mar 28, 2007","['Drama', 'Romance']",Manga,TV,47,R+ - Mild Nudity,#124,#295,"778,189","35,333",https://myanimelist.net/images/anime/2/11232.jpg,"Departing from their respective hometowns, two young women with identical names are brought together in their pursuit of new beginnings. With their hearts set on going to Tokyo, Nana Komatsu dreams about blissful love, while Nana Osaki aims for a successful music career.

The former has a cheerful and friendly nature, but her naivety has steered her romantic life astray until she meets her dependable boyfriend—Shouji Endo. Without letting herself be dismayed by Shouji's decision to study in Tokyo, Nana works hard to earn enough money and follow him there. Meanwhile, her namesake is a solitary punk vocalist whose impassioned romance with her band's bassist, Ren Honjou, comes to a sudden end. Though heartbroken, Nana bravely looks forward and travels to the capital with the ambition of becoming a recognized artist.

Shortly after they arrive in Tokyo, the girls cross paths again due to an unexpected coincidence that ultimately leads them to live under the same roof. As they grow closer, the two strive to support one another amid their struggles to forge a future for themselves.

[Written by MAL Rewrite]"
Shingeki no Kyojin,8.57,"Apr 7, 2013 to Sep 29, 2013","['Action', 'Award Winning', 'Drama', 'Suspense']",Manga,TV,25,R - 17+ (violence & profanity),#125,#1,"4,342,739","188,280",https://myanimelist.net/images/anime/10/47347.jpg,"Centuries ago, mankind was slaughtered to near extinction by monstrous humanoid creatures called Titans, forcing humans to hide in fear behind enormous concentric walls. What makes these giants truly terrifying is that their taste for human flesh is not born out of hunger but what appears to be out of pleasure. To ensure their survival, the remnants of humanity began living within defensive barriers, resulting in one hundred years without a single titan encounter. However, that fragile calm is soon shattered when a colossal Titan manages to breach the supposedly impregnable outer wall, reigniting the fight for survival against the man-eating abominations.

After witnessing a horrific personal loss at the hands of the invading creatures, Eren Yeager dedicates his life to their eradication by enlisting into the Survey Corps, an elite military unit that combats the merciless humanoids outside the protection of the walls. Eren, his adopted sister Mikasa Ackerman, and his childhood friend Armin Arlert join the brutal war against the Titans and race to discover a way of defeating them before the last walls are breached.

[Written by MAL Rewrite]"
"Shinseiki Evangelion Movie: Air/Magokoro wo, Kimi ni",8.57,"Jul 19, 1997","['Avant Garde', 'Drama', 'Sci-Fi', 'Suspense']",Original,Movie,1,R+ - Mild Nudity,#126,#179,"1,038,318","32,322",https://myanimelist.net/images/anime/1404/98182.jpg,"Shinji Ikari is left emotionally comatose after the death of a dear friend. With his son mentally unable to pilot the humanoid robot Evangelion Unit-01, Gendou Ikari's NERV races against the shadow organization SEELE to see who can enact their ultimate plan first. SEELE desires to create a godlike being by fusing their own souls into an Evangelion unit, while Gendou wishes to revert all of humanity into one primordial being so that he can be reunited with Yui, his deceased wife.

SEELE unleashes its military forces in a lethal invasion of NERV headquarters. As SEELE's forces cut down NERV's scientists and security personnel, Asuka Langley Souryuu pilots Evangelion Unit-02 in a desperate last stand against SEELE's heaviest weaponry.

The battle rages on, and a depressed Shinji hides deep within NERV's headquarters. With the fate of the world resting in Shinji's hands, Captain Misato Katsuragi hunts for the teenage boy as society crumbles around them.

[Written by MAL Rewrite]"
Haikyuu!! To the Top Part 2,8.56,"Oct 3, 2020 to Dec 19, 2020",['Sports'],Manga,TV,12,PG-13 - Teens 13 or older,#127,#219,"924,285","6,497",https://myanimelist.net/images/anime/1453/106768.jpg,"Once called a fallen powerhouse and known as ""Flightless Crows,"" Karasuno High School has finally taken flight at nationals. With a comprehensive performance against Tsubakihara Academy in their first match, the team is now facing its toughest opponent yet: the runners-up of the last Spring Tournament, Inarizaki High School. Furthermore, dealing with the formidable twin Miya brothers only makes things more difficult for Karasuno.

As soon as the match begins, Karasuno is overwhelmed by all the noise and jeers from the supporters of Inarizaki High but rekindles its strength thanks to its own loyal fans. Karasuno also gains some momentum by utilizing an attack centered on Shouyou Hinata, but the eccentric play of Atsumu and Osamu Miya delivers an unexpected blow that leaves their opponent astounded.

Things are bound to get intense as the match progresses between these two teams. Will Karasuno be able to defeat Inarizaki High and overcome the hurdles that threaten its pursuit to the top?

[Written by MAL Rewrite]"
Kizumonogatari II: Nekketsu-hen,8.56,"Aug 19, 2016","['Action', 'Mystery', 'Supernatural']",Light novel,Movie,1,R - 17+ (violence & profanity),#128,#534,"487,451","2,490",https://myanimelist.net/images/anime/1981/112812.jpg,"No longer truly human, Koyomi Araragi decides to retrieve Kiss-shot Acerola-orion Heart-under-blade's severed body parts that were stolen by three powerful vampire hunters. Awaiting him are Dramaturgie, a vampire hunter who is a vampire himself; Episode, a half-vampire with the ability to transform into mist; and Guillotinecutter, a human priest who is the most dangerous of them all.

Unbeknownst to Araragi, each minute he spends trying to retrieve Kiss-shot's limbs makes him less of a human and more of a vampire. Will he be able to keep his wish of becoming human once again by the end of his battles?

[Written by MAL Rewrite]"
Natsume Yuujinchou Go,8.56,"Oct 5, 2016 to Dec 21, 2016","['Slice of Life', 'Supernatural']",Manga,TV,11,PG-13 - Teens 13 or older,#129,#1353,"205,594",905,https://myanimelist.net/images/anime/11/81755.jpg,"Blessed with eyes that are able to perceive the otherwise invisible youkai, Takashi Natsume hides his ability from his newfound family and friends to protect everyone's peaceful daily life. Nonetheless, Natsume never fails to show the same kindness to the benevolent youkai and happily returns their names by using the infamous Book of Friends he inherited from his late grandmother, Reiko.

Meanwhile, the exorcist clan Matoba still wishes for Natsume to join their ranks due to his overwhelming gift. However, Natsume firmly rejects the clan's invitation since not all exorcists are as reasonable as his friend Shuuichi Natori, and many improperly and indiscriminately seal away every youkai in their way. Unsatisfied with Natsume's answer, Seiji Matoba blackmails Natsume into attending a grand gathering of powerful exorcist families. Natsume soon finds himself in the company of dangerous people and youkai alike. But even then, he continues to defy the exorcists' hard-handed methods and believes that peace between both worlds is possible.

[Written by MAL Rewrite]"
Natsume Yuujinchou San,8.56,"Jul 5, 2011 to Sep 27, 2011","['Slice of Life', 'Supernatural']",Manga,TV,13,PG-13 - Teens 13 or older,#130,#1034,"272,030","1,502",https://myanimelist.net/images/anime/8/82394.jpg,"Natsume Yuujinchou San follows Takashi Natsume, a boy who is able to see youkai. Natsume and his bodyguard Madara, nicknamed Nyanko-sensei, continue on their quest to release youkai from their contracts in the ""Book of Friends.""

Natsume comes to terms with his ability to see youkai and stops thinking of it as a curse. As he spends more time with his human and youkai friends, he realizes how much he values them both and decides he doesn't have to choose between the spirit and human worlds to be happy.

[Written by MAL Rewrite]"
Bleach: Sennen Kessen-hen,8.98,"Oct 11, 2022 to Dec 27, 2022","['Action', 'Adventure', 'Supernatural']",Manga,TV,13,R - 17+ (violence & profanity),#14,#341,"699,915","23,128",https://myanimelist.net/images/anime/1908/135431.jpg,"Substitute Soul Reaper Ichigo Kurosaki spends his days fighting against Hollows, dangerous evil spirits that threaten Karakura Town. Ichigo carries out his quest with his closest allies: Orihime Inoue, his childhood friend with a talent for healing; Yasutora Sado, his high school classmate with superhuman strength; and Uryuu Ishida, Ichigo's Quincy rival.

Ichigo's vigilante routine is disrupted by the sudden appearance of Asguiaro Ebern, a dangerous Arrancar who heralds the return of Yhwach, an ancient Quincy king. Yhwach seeks to reignite the historic blood feud between Soul Reaper and Quincy, and he sets his sights on erasing both the human world and the Soul Society for good.

Yhwach launches a two-pronged invasion into both the Soul Society and Hueco Mundo, the home of Hollows and Arrancar. In retaliation, Ichigo and his friends must fight alongside old allies and enemies alike to end Yhwach's campaign of carnage before the world itself comes to an end.

[Written by MAL Rewrite]"
Ookami Kodomo no Ame to Yuki,8.56,"Jul 21, 2012","['Award Winning', 'Slice of Life', 'Supernatural']",Original,Movie,1,PG-13 - Teens 13 or older,#131,#246,"866,266","11,874",https://myanimelist.net/images/anime/9/35721.jpg,"Hana, a hard-working college student, falls in love with a mysterious man who attends one of her classes though he is not an actual student. As it turns out, he is not truly human either. On a full moon night, he transforms, revealing that he is the last werewolf alive. Despite this, Hana's love remains strong, and the two ultimately decide to start a family.

Hana gives birth to two healthy children—Ame, born during rainfall, and Yuki, born during snowfall—both possessing the ability to turn into wolves, a trait inherited from their father. All too soon, however, the sudden death of her lover devastates Hana's life, leaving her to raise a peculiar family completely on her own. The stress of raising her wild-natured children in a densely populated city, all while keeping their identity a secret, culminates in a decision to move to the countryside, where she hopes Ame and Yuki can live a life free from the judgments of society. Wolf Children is the heartwarming story about the challenges of being a single mother in an unforgiving modern world.

[Written by MAL Rewrite]"
Perfect Blue,8.56,"Feb 28, 1998","['Avant Garde', 'Award Winning', 'Drama', 'Horror', 'Suspense']",Novel,Movie,1,R+ - Mild Nudity,#132,#274,"817,863","21,860",https://myanimelist.net/images/anime/1254/134212.jpg,"J-pop idol group CHAM! has spent the last two years entertaining its fans. Sadly, all good things must come to an end, and CHAM! must see one of its members, Mima Kirigoe, leave the group to pursue her acting career. While Mima's choice is met with a mixed response, she hopes her fans will continue to support her.

However, Mima's life begins to change drastically after her departure from the group. Wanting to shed her pop-idol image, she takes on a role in a crime drama series, and her career as an actress gradually becomes more demanding and taxing for both Mima and her manager, Rumi Hidaka. To add to Mima's growing unease, an obsessed fan who is incapable of accepting that Mima has quit being an innocent idol, begins stalking her; a new anonymous website begins to impersonate her life with intricate detail; and CHAM! also appears to be doing better without her. One by one, each disturbing development drives Mima to become increasingly unhinged and unable to distinguish reality from fantasy.

[Written by MAL Rewrite]"
Slam Dunk,8.56,"Oct 16, 1993 to Mar 23, 1996",['Sports'],Manga,TV,101,PG-13 - Teens 13 or older,#133,#822,"337,376","8,142",https://myanimelist.net/images/anime/12/86890.jpg,"Hanamichi Sakuragi, infamous for his temper, massive height, and fire-red hair, enrolls in Shohoku High, hoping to finally get a girlfriend and break his record of being rejected 50 consecutive times in middle school. His notoriety precedes him, however, leading to him being avoided by most students. Soon, after certain events, Hanamichi is left with two unwavering thoughts: ""I hate basketball,"" and ""I desperately need a girlfriend.""

One day, a girl named Haruko Akagi approaches him without any knowledge of his troublemaking ways and asks him if he likes basketball. Hanamichi immediately falls head over heels in love with her, blurting out a fervent affirmative. She then leads him to the gymnasium, where she asks him if he can do a slam dunk. In an attempt to impress Haruko, he makes the leap, but overshoots, instead slamming his head straight into the blackboard. When Haruko informs the basketball team's captain of Hanamichi's near-inhuman physical capabilities, he slowly finds himself drawn into the camaraderie and competition of the sport he had previously held resentment for.

[Written by MAL Rewrite]"
Kimi no Suizou wo Tabetai,8.55,"Sep 1, 2018","['Drama', 'Romance']",Novel,Movie,1,PG-13 - Teens 13 or older,#134,#161,"1,111,649","23,233",https://myanimelist.net/images/anime/1768/93291.jpg,"The aloof protagonist: a bookworm who is deeply detached from the world he resides in. He has no interest in others and is firmly convinced that nobody has any interest in him either. His story begins when he stumbles across a handwritten book, titled Living with Dying. He soon identifies it as a secret diary belonging to his popular, bubbly classmate Sakura Yamauchi. She then confides in him about the pancreatic disease she is suffering from and that her time left is finite. Only her family knows about her terminal illness; not even her best friends are aware. Despite this revelation, he shows zero sympathy for her plight, but caught in the waves of Sakura's persistent buoyancy, he eventually concedes to accompanying her for her remaining days.

As the pair of polar opposites interact, their connection strengthens, interweaving through their choices made with each passing day. Her apparent nonchalance and unpredictability disrupts the protagonist's impassive flow of life, gradually opening his heart as he discovers and embraces the true meaning of living.

[Written by MAL Rewrite]"
Ore dake Level Up na Ken Season 2: Arise from the Shadow,8.55,"Jan 5, 2025 to Mar 30, 2025","['Action', 'Adventure', 'Fantasy']",Web manga,TV,13,R - 17+ (violence & profanity),#135,#300,"767,138","11,374",https://myanimelist.net/images/anime/1448/147351.jpg,"Sung Jin-Woo, dubbed the weakest hunter of all mankind, grows stronger by the day with the supernatural powers he has gained. However, keeping his skills hidden becomes more difficult as dungeon-related incidents pile up around him.

When Jin-Woo and a few other low-ranked hunters are the only survivors of a dungeon that turns out to be a bigger challenge than initially expected, he draws attention once again, and hunter guilds take an increased interest in him. Meanwhile, a strange hunter who has been lost for ten years returns with a dire warning about an upcoming catastrophic event. As the calamity looms closer, Jin-Woo must continue leveling up to make sure nothing stops him from reaching his ultimate goal—saving the life of his mother.

[Written by MAL Rewrite]"
Shouwa Genroku Rakugo Shinjuu,8.55,"Jan 9, 2016 to Apr 2, 2016",['Drama'],Manga,TV,13,PG-13 - Teens 13 or older,#136,#895,"313,903","6,006",https://myanimelist.net/images/anime/1354/124768.jpg,"Yotarou is a former yakuza member fresh out of prison and fixated on just one thing: rather than return to a life of crime, the young man aspires to take to the stage of rakugo, a traditional Japanese form of comedic storytelling. Inspired during his incarceration by the performance of distinguished practitioner Yakumo Yuurakutei, he sets his mind on meeting the man who changed his life. After hearing Yotarou's desperate appeal for his mentorship, Yakumo is left with no choice but to accept his very first apprentice.

As he eagerly begins his training, Yotarou meets Konatsu, an abrasive young woman who has been under Yakumo's care ever since her beloved father Sukeroku Yuurakutei, another prolific rakugo performer, passed away. Through her hidden passion, Yotarou is drawn to Sukeroku's unique style of rakugo despite learning under contrasting techniques. Upon seeing this, old memories and feelings return to Yakumo who reminisces about a much earlier time when he made a promise with his greatest rival.

Shouwa Genroku Rakugo Shinjuu is a story set in both the past and present, depicting the art of rakugo, the relationships it creates, and the lives and hearts of those dedicated to keeping the unique form of storytelling alive.

[Written by MAL Rewrite]"
Steins;Gate 0,8.55,"Apr 12, 2018 to Sep 27, 2018","['Drama', 'Sci-Fi', 'Suspense']",Visual novel,TV,23,PG-13 - Teens 13 or older,#137,#207,"952,475","12,788",https://myanimelist.net/images/anime/1375/93521.jpg,"The eccentric, self-proclaimed mad scientist Rintarou Okabe has become a shell of his former self. Depressed and traumatized after failing to rescue his friend Makise Kurisu, he has decided to forsake his mad scientist alter ego and live as an ordinary college student. Surrounded by friends who know little of his time travel experiences, Okabe spends his days trying to forget the horrors of his adventures alone. 

While working as a receptionist at a college technology forum, Okabe meets the short, spunky Maho Hiyajo, who 
later turns out to be the interpreter at the forum's presentation, conducted by Professor Alexis Leskinen. In front of a stunned crowd, Alexis and Maho unveil Amadeus—a revolutionary AI capable of storing a person's memories and creating a perfect simulation of that person complete with their personality and quirks. Meeting with Maho and Alexis after the presentation, Okabe learns that the two were Kurisu's colleagues in university, and that they have simulated her in Amadeus. Hired by Alexis to research the simulation's behavior, Okabe is given the chance to interact with the shadow of a long-lost dear friend. Dangerously tangled in the past, Okabe must face the harsh reality and carefully maneuver around the disastrous consequences that come with disturbing the natural flow of time.

[Written by MAL Rewrite]"
Yojouhan Shinwa Taikei,8.55,"Apr 23, 2010 to Jul 2, 2010","['Award Winning', 'Comedy', 'Mystery', 'Romance', 'Suspense']",Novel,TV,11,R - 17+ (violence & profanity),#138,#523,"493,657","19,148",https://myanimelist.net/images/anime/1633/123689.jpg,"One autumn evening at a mysterious ramen stand behind the Shimogamo Shrine, a lonely third-year college student bumps into a man with an eggplant-shaped head who calls himself a god of matrimony. Meeting this man causes the student to reflect upon his past two years at college—two years bitterly spent trying to break up couples on campus with his only friend Ozu, a ghoulish-looking man seemingly set on making his life as miserable as possible. Resolving to make the most out of the rest of his college life, the student attempts to ask out the unsociable but kind-hearted underclassman Akashi, yet fails to follow through, prompting him to regret not living out his college life differently. As soon as this thought passes through his head, however, he is hurtled through time and space to the beginning of his years at college and given another chance to live his life.

Surreal, artistic, and mind-bending, Yojouhan Shinwa Taikei chronicles the misadventures of a young man on a journey to make friends, find love, and experience the rose-colored campus life he always dreamed of.

[Written by MAL Rewrite]"
Fanren Xiu Xian Zhuan 4th Season,8.54,"Jan 18, 2025 to Jan 3, 2026","['Action', 'Adventure', 'Fantasy']",Web novel,ONA,52,PG-13 - Teens 13 or older,#139,#11373,"2,907",46,https://myanimelist.net/images/anime/1421/153427.jpg,Fourth season of Fanren Xiu Xian Zhuan.
Fate/Zero 2nd Season,8.54,"Apr 8, 2012 to Jun 24, 2012","['Action', 'Fantasy']",Light novel,TV,12,R - 17+ (violence & profanity),#140,#140,"1,193,555","20,687",https://myanimelist.net/images/anime/1522/117645.jpg,"As the Fourth Holy Grail War rages on with no clear victor in sight, the remaining Servants and their Masters are called upon by Church supervisor Risei Kotomine, in order to band together and confront an impending threat that could unravel the Grail War and bring about the destruction of Fuyuki City. The uneasy truce soon collapses as Masters demonstrate that they will do anything in their power, no matter how despicable, to win.

Seeds of doubt are sown between Kiritsugu Emiya and Saber, his Servant, as their conflicting ideologies on heroism and chivalry clash. Meanwhile, an ominous bond forms between Kirei Kotomine, who still seeks to find his purpose in life, and one of the remaining Servants. As the countdown to the end of the war reaches zero, the cost of winning begins to blur the line between victory and defeat.

[Written by MAL Rewrite]"
Gintama.,8.98,"Jan 9, 2017 to Mar 27, 2017","['Action', 'Comedy', 'Sci-Fi']",Manga,TV,12,PG-13 - Teens 13 or older,#15,#788,"347,930","2,836",https://myanimelist.net/images/anime/3/83528.jpg,"After joining the resistance against the bakufu, Gintoki and the gang are in hiding, along with Katsura and his Joui rebels. The Yorozuya is soon approached by Nobume Imai and two members of the Kiheitai, who explain that the Harusame pirates have turned against 7th Division Captain Kamui and their former ally Takasugi. The Kiheitai present Gintoki with a job: find Takasugi, who has been missing since his ship was ambushed in a Harusame raid. Nobume also makes a stunning revelation regarding the Tendoushuu, a secret organization pulling the strings of numerous factions, and their leader Utsuro, the shadowy figure with an uncanny resemblance to Gintoki's former teacher.

Hitching a ride on Sakamoto's space ship, the Yorozuya and Katsura set out for Rakuyou, Kagura's home planet, where the various factions have gathered and tensions are brewing. Long-held grudges, political infighting, and the Tendoushuu's sinister overarching plan finally culminate into a massive, decisive battle on Rakuyou.

[Written by MAL Rewrite]"
Hotaru no Haka,8.54,"Apr 16, 1988",['Drama'],Novel,Movie,1,PG-13 - Teens 13 or older,#141,#303,"764,236","9,179",https://myanimelist.net/images/anime/1485/141208.jpg,"As World War II reaches its conclusion in 1945, Japan faces widespread destruction in the form of American bombings, devastating city after city. Hotaru no Haka, also known as Grave of the Fireflies, is the story of Seita and his sister Setsuko, two Japanese children whose lives are ravaged by the brutal war. They have lost their mother, their father, their home, and the prospect of a bright future—all tragic consequences of the war.

Now orphaned and homeless, Seita and Setsuko have no choice but to drift across the countryside, beset by starvation and disease. Met with the apathy of adults along the way, they find that desperate circumstances can turn even the kindest of people cruel yet their youthful hope shines brightly in the face of unrelenting hardship, preventing the siblings from swiftly succumbing to an inevitable fate.

[Written by MAL Rewrite]"
Kaguya-sama wa Kokurasetai: Otona e no Kaidan,8.54,"Dec 31, 2025","['Comedy', 'Romance']",Manga,TV Special,1,PG-13 - Teens 13 or older,#142,#2394,"99,235",316,https://myanimelist.net/images/anime/1112/150697.jpg,"Years after graduating from high school, Kaguya Shinomiya finds her old photo album and reminisces about when she was a part of Shuuchiin Academy's student council. At the time, Kaguya had just started dating the president Miyuki Shirogane, and the two were hopelessly in love. With each wholesome and silly memory from their past, Kaguya is filled with bliss.

[Written by MAL Rewrite]"
Kimetsu no Yaiba Movie: Mugen Ressha-hen,8.54,"Oct 16, 2020","['Action', 'Supernatural']",Manga,Movie,1,R - 17+ (violence & profanity),#143,#64,"1,769,635","13,485",https://myanimelist.net/images/anime/1704/106947.jpg,"After a string of mysterious disappearances begin to plague a train, the Demon Slayer Corps' multiple attempts to remedy the problem prove fruitless. To prevent further casualties, the Flame Pillar, Kyoujurou Rengoku, takes it upon himself to eliminate the threat. Accompanying him are some of the Corps' most promising new blood: Tanjirou Kamado, Zenitsu Agatsuma, and Inosuke Hashibira, who all hope to witness the fiery feats of this model demon slayer firsthand.

Unbeknownst to them, the demonic forces responsible for the disappearances have already put their sinister plan in motion. Under this demonic presence, the group must muster every ounce of their willpower and draw their swords to save all two hundred passengers onboard. As things begin to spiral out of control, Tanjirou's resolve and commitment to duty are put to the test.

[Written by MAL Rewrite]"
Shingeki no Kyojin Season 2,8.54,"Apr 1, 2017 to Jun 17, 2017","['Action', 'Drama', 'Suspense']",Manga,TV,12,R - 17+ (violence & profanity),#144,#13,"3,007,295","23,012",https://myanimelist.net/images/anime/4/84177.jpg,"For centuries, humanity has been hunted by giant, mysterious predators known as the Titans. Three mighty walls—Wall Maria, Rose, and Sheena—provided peace and protection for humanity for over a hundred years. That peace, however, was shattered when the Colossal Titan and Armored Titan appeared and destroyed the outermost wall, Wall Maria. Forced to retreat behind Wall Rose, humanity waited with bated breath for the Titans to reappear and destroy their safe haven once more.

In Shingeki no Kyojin Season 2, Eren Yeager and others of the 104th Training Corps have just begun to become full members of the Survey Corps. As they ready themselves to face the Titans once again, their preparations are interrupted by the invasion of Wall Rose—but all is not as it seems as more mysteries are unraveled. As the Survey Corps races to save the wall, they uncover more about the invading Titans and the dark secrets of their own members.

[Written by MAL Rewrite]"
[Oshi no Ko],8.54,"Apr 12, 2023 to Jun 28, 2023","['Award Winning', 'Drama']",Manga,TV,11,PG-13 - Teens 13 or older,#145,#176,"1,041,352","31,359",https://myanimelist.net/images/anime/1812/134736.jpg,"In the entertainment world, celebrities often show exaggerated versions of themselves to the public, concealing their true thoughts and struggles beneath elaborate lies. Fans buy into these fabrications, showering their idols with undying love and support, until something breaks the illusion. Sixteen-year-old rising star Ai Hoshino of pop idol group B Komachi has the world captivated; however, when she announces a hiatus due to health concerns, the news causes many to become worried.

As a huge fan of Ai, gynecologist Gorou Amemiya cheers her on from his countryside medical practice, wishing he could meet her in person one day. His wish comes true when Ai shows up at his hospital—not sick, but pregnant with twins! While the doctor promises Ai to safely deliver her children, he wonders if this encounter with the idol will forever change the nature of his relationship with her.

[Written by MAL Rewrite]"
Fruits Basket 2nd Season,8.53,"Apr 7, 2020 to Sep 22, 2020","['Drama', 'Romance', 'Supernatural']",Manga,TV,25,PG-13 - Teens 13 or older,#146,#431,"582,490","6,464",https://myanimelist.net/images/anime/1972/111635.jpg,"A year has passed since Tooru Honda began living in the Souma residence, and she has since created stronger relationships with its inhabitants Shigure, Kyou, and Yuki. She has also grown closer to the rest of the Souma family and has become familiar with their ancestral secret, having helped them with many of their personal issues. The closer Tooru gets, however, the more she begins to realize that their secret holds a darker truth than she first presumed.

Summer is approaching and Tooru is invited to spend her days with the Soumas, mainly Kyou and Yuki. Tooru wishes for an easy-going vacation, but her close relationships with the two boys and the rest of the Soumas may prove to cause trouble. As they grow more intimate, their carefree time together is hindered by older hardships and feelings from the past that begin to resurface. The Eternal Banquet also dawns on the members of the zodiac, and they must tend to their duties alongside the unnerving head of the family, Akito Souma.

With the banquet approaching and a plethora of feelings to be solved, will Tooru's life with the Soumas remain peaceful, or will she find herself in a situation from which she cannot escape?

[Written by MAL Rewrite]"
Kaoru Hana wa Rin to Saku,8.53,"Jul 6, 2025 to Sep 28, 2025","['Drama', 'Romance']",Web manga,TV,13,PG-13 - Teens 13 or older,#147,#604,"439,948","8,427",https://myanimelist.net/images/anime/1744/150433.jpg,"The all-girls Kikyo Private Academy and Chidori Public High School are polar opposites. With its prestigious history, Kikyo is attended by noble young ladies from distinguished families, while Chidori is infamously full of simple-minded delinquents. It is no surprise that their students clash with their differences.

Having a tall stature and fierce appearance, Chidori student Rintarou Tsumugi is often avoided by others despite his gentle heart. One day, while helping out at his family's patisserie, he meets a customer who, after a brief moment, runs away from him. The next day, the customer returns to apologize to Rintarou, introducing herself as the cheerful Kaoruko Waguri.

After spending time with Kaoruko, Rintarou appreciates that she does not judge him based on his appearance and looks forward to when they will meet again. However, when Rintarou discovers Kaoruko attends Kikyo, their relationship will challenge the social expectations and dynamics around them.

[Written by MAL Rewrite]"
Mushishi: Hihamukage,8.53,"Jan 4, 2014","['Adventure', 'Mystery', 'Slice of Life', 'Supernatural']",Manga,TV Special,1,PG-13 - Teens 13 or older,#148,#1737,"153,242",215,https://myanimelist.net/images/anime/1559/147521.jpg,"The entire countryside comes to a halt midday to witness a rare solar eclipse that is rumored to allow the average person to see Mushi. Unable to avert their gaze, the air is full of awe and wonder—but those who know the Mushi are preparing for the eclipse's aftermath.

Based on a prediction from Tanyuu Karibusa, the cursed recorder, Mushishi Ginko finds himself in a very unlucky farming village. Immediately following the solar eclipse, a strange black cloud begins to gather in the sky and blocks the sun once more. Suspecting it to be the work of a Mushi known as Hihami, Ginko seeks to liberate the village from perpetual darkness. However, it seems that not all of the villagers are eager to return to the light.

[Written by MAL Rewrite]"
Shoujo☆Kageki Revue Starlight Movie,8.53,"Jun 4, 2021",['Drama'],Original,Movie,1,PG-13 - Teens 13 or older,#149,#4931,"26,273","1,057",https://myanimelist.net/images/anime/1378/119190.jpg,"With the arrival of a new generation of talented girls, another lively year at Seishou Music Academy begins. The graduating 99th class is already preparing for the much-anticipated rendition of Starlight, a bittersweet story about the parting of two girls.

It seems like all students in the Actor Training Department have their post-graduation future figured out—except for the cheerful Karen Aijou. Having fulfilled her promise of performing in a play with Hikari Kagura, her ambitious childhood friend, Karen struggles to find her purpose. What lies beyond their promise is a mystery to Karen, as Hikari was the fuel that kept her passion for performing aflame. Now alone, Karen must confront the reality of stage girls and find her way toward the future—her very own stage.

[Written by MAL Rewrite]"
Zoku Natsume Yuujinchou,8.53,"Jan 6, 2009 to Mar 31, 2009","['Slice of Life', 'Supernatural']",Manga,TV,13,PG-13 - Teens 13 or older,#150,#1052,"266,472","1,504",https://myanimelist.net/images/anime/4/79738.jpg,"As with its prequel, Zoku Natsume Yuujinchou is about Takashi Natsume, a boy who has had the ability to see youkai since he was young, and his bodyguard youkai Madara, nicknamed Nyanko-sensei. Natsume attempts to return names written in his ""Book of Friends"" (which he inherited from his grandmother Reiko) to youkai in his village. Throughout these adventures, he meets some youkai that are friendly, some that want to steal the Book, and some that want to kill him, as Natsume learns about himself and his relationship with these mysterious beings along the way.

[Written by MAL Rewrite]"
Kaguya-sama wa Kokurasetai: Ultra Romantic,8.96,"Apr 9, 2022 to Jun 25, 2022","['Comedy', 'Romance']",Manga,TV,13,PG-13 - Teens 13 or older,#16,#165,"1,105,080","33,115",https://myanimelist.net/images/anime/1160/122627.jpg,"The elite members of Shuchiin Academy's student council continue their competitive day-to-day antics. Council president Miyuki Shirogane clashes daily against vice-president Kaguya Shinomiya, each fighting tooth and nail to trick the other into confessing their romantic love. Kaguya struggles within the strict confines of her wealthy, uptight family, rebelling against her cold default demeanor as she warms to Shirogane and the rest of her friends.

Meanwhile, council treasurer Yuu Ishigami suffers under the weight of his hopeless crush on Tsubame Koyasu, a popular upperclassman who helps to instill a new confidence in him. Miko Iino, the newest student council member, grows closer to the rule-breaking Ishigami while striving to overcome her own authoritarian moral code.

As love further blooms at Shuchiin Academy, the student council officers drag their outsider friends into increasingly comedic conflicts.

[Written by MAL Rewrite]"
Bakuman. 3rd Season,8.52,"Oct 6, 2012 to Mar 30, 2013","['Comedy', 'Drama', 'Romance']",Manga,TV,25,PG-13 - Teens 13 or older,#151,#789,"347,741","2,946",https://myanimelist.net/images/anime/6/41845.jpg,"Onto their third serialization, manga duo Moritaka Mashiro and Akito Takagi—also known by their pen name, Muto Ashirogi—are ever closer to their dream of an anime adaption. However, the real challenge is only just beginning: if they are unable to compete with the artist Eiji Niizuma in the rankings within the span of six months, they will be canceled. To top it off, numerous rivals are close behind and declaring war. They don't even have enough time to spare thinking about an anime!

In Bakuman. 3rd Season, Muto Ashirogi must find a way to stay atop the colossal mountain known as the Shounen Jack rankings. With new problems and new assistants, the pair continue to strive for their dream.

[Written by MAL Rewrite]"
Dr. Stone: Science Future Part 2,8.52,"Jul 10, 2025 to Sep 25, 2025","['Adventure', 'Comedy']",Manga,TV,12,PG-13 - Teens 13 or older,#152,#1286,"218,222",869,https://myanimelist.net/images/anime/1785/151710.jpg,"After a strategic maneuver, Senkuu Ishigami's team stalls Dr. Xeno's more scientifically advanced forces. A ceasefire between the two factions allows for the establishment of Corn City in North America, a hope for a future thriving population. Meanwhile, Senkuu and some of his teammates rush toward the Amazon in South America—the epicenter of the petrification beam's impact—to create Superalloy City and progress their spaceship project.

With dangerous enemies still pursuing Senkuu and his companions, it is a race against time to reach the heart of the dense Amazon. As unexpected allies and scientific creations further fuel this leg of their journey, Senkuu is closer than ever to finally uncovering the mystery behind the petrification phenomenon.

[Written by MAL Rewrite]"
Gintama Movie 1: Shinyaku Benizakura-hen,8.52,"Apr 24, 2010","['Action', 'Comedy', 'Sci-Fi']",Manga,Movie,1,R - 17+ (violence & profanity),#153,#1550,"177,269",639,https://myanimelist.net/images/anime/4/28803.jpg,"Gintoki and his Yorozuya friends (or rather, employees suffering under labor violations), Shinpachi and Kagura, continue to scrape by in the futuristic, alien-infested city of Edo. They take on whatever work they can find while trying not to get involved in anything too dangerous. But when Katsura, the leader of the Joui rebels and Gintoki's long-time acquaintance, disappears after being brutally attacked by an unknown assassin, Shinpachi and Kagura begin an investigation into his whereabouts and the identity of the assailant. Meanwhile, Gintoki takes on a seemingly unrelated job: the blacksmith Tetsuya requests that Gin recover a strange and powerful sword called the Benizakura which was recently stolen.

As the two investigations gradually intersect, the Yorozuya crew find themselves in the midst of a major conspiracy that hinges on the sinister nature of the Benizakura sword. Gintoki resolves to take the fight directly to the enemy headquarters, and together with a few unexpected allies, sets out on one of his most perilous jobs yet.

[Written by MAL Rewrite]"
Koukaku Kidoutai: Stand Alone Complex 2nd GIG,8.52,"Jan 1, 2004 to Jan 8, 2005","['Mystery', 'Sci-Fi']",Manga,TV,26,R - 17+ (violence & profanity),#154,#1171,"241,722","3,286",https://myanimelist.net/images/anime/1646/135390.jpg,"Following the closure of the ""Laughing Man"" case, Section 9 is re-established by Japan's newly elected Prime Minister, Youko Kayabuki, to combat the persistent threat of cyber-terrorism.

A group calling themselves ""The Individual Eleven"" has begun committing acts of terror across Japan. While Motoko Kusanagi, Daisuke Aramaki, Batou, and the other members of Section 9 investigate this new menace, the Japanese government faces a separate crisis, as foreign refugees displaced by the Third World War seek asylum in Japan. But as the members of the special-ops team continually encounter Gouda Kazundo—a leading member of the Cabinet Intelligence Service—in their hunt, they begin to suspect that he may be involved, and that the events of the refugee crisis and The Individual Eleven may be more connected than they realize...

[Written by MAL Rewrite]"
Samurai Champloo,8.52,"May 20, 2004 to Mar 19, 2005","['Action', 'Adventure', 'Comedy']",Original,TV,26,R - 17+ (violence & profanity),#155,#112,"1,347,180","41,061",https://myanimelist.net/images/anime/1370/135212.jpg,"Fuu Kasumi is a young and clumsy waitress who spends her days peacefully working in a small teahouse. That is, until she accidentally spills a drink all over one of her customers! With a group of samurai now incessantly harassing her, Fuu desperately calls upon another samurai in the shop, Mugen, who quickly defeats them with his wild fighting technique, utilizing movements reminiscent to that of breakdancing. Unfortunately, Mugen decides to pick a fight with the unwilling ronin Jin, who wields a more precise and traditional style of swordfighting, and the latter proves to be a formidable opponent. The only problem is, they end up destroying the entire shop as well as accidentally killing the local magistrate's son.

For their crime, the two samurai are captured and set to be executed. However, they are rescued by Fuu, who hires the duo as her bodyguards. Though she no longer has a place to return to, the former waitress wishes to find a certain samurai who smells of sunflowers and enlists the help of the now exonerated pair to do so. Despite initially disapproving of this idea, the two eventually agree to assist the girl in her quest; thus, the trio embark upon an adventure to find this mysterious warrior—that is, if Fuu can keep Mugen and Jin from killing each other.

Set in an alternate Edo Period of Japan, Samurai Champloo follows the journey of these three eccentric individuals in an epic quest full of action, comedy, and dynamic sword fighting, all set to the beat of a unique hip-hop infused soundtrack.

[Written by MAL Rewrite]"
[Oshi no Ko] 2nd Season,8.52,"Jul 3, 2024 to Oct 6, 2024",['Drama'],Manga,TV,13,PG-13 - Teens 13 or older,#156,#496,"513,174","6,079",https://myanimelist.net/images/anime/1006/143302.jpg,"With the help of producer Masaya Kaburagi, Aquamarine ""Aqua"" Hoshino and Kana Arima have landed the roles of Touki and Tsurugi in Lala Lai Theatrical Company's stage adaptation of the popular manga series Tokyo Blade. Co-starring with them is Aqua's girlfriend, Akane Kurokawa, who plays Touki's fiancée, Princess Saya. Due to the fanbase preferring Tsurugi as Touki's love interest, Saya has made fewer and fewer appearances in the manga, making it difficult for Akane to fully immerse herself in the role. Her struggles are compounded by differences between the play's script and the original work—differences that also frustrate Tokyo Blade's author, Abiko Samejima.

Aqua, however, is more concerned with his personal goals than he is with the play. He has only one objective in mind: to grow closer to director Toshirou Kindaichi and find out what he knows about Aqua's mother, Ai.

[Written by MAL Rewrite]"
Gintama. Porori-hen,8.51,"Oct 2, 2017 to Dec 25, 2017","['Action', 'Comedy', 'Sci-Fi']",Manga,TV,13,PG-13 - Teens 13 or older,#157,#1262,"221,930",961,https://myanimelist.net/images/anime/11/88325.jpg,"Following the grim events of Iga, Kokujou Island, Rakuyou, and multiple fruitless confrontations with the Tenshouin Naraku and Tendoshuu, Gintama. Porori-hen takes its viewers on a trip down memory lane to when Yorozuya were mostly doing what they did best—odd jobs. The great space hunter Umibouzu has returned to Edo and is livid when he finds out that his daughter Kagura has a boyfriend. He blames Gintoki for being an incompetent guardian, but has the time finally come for him to let go of his daughter?

Back with shameless parodies, risqué humor, and lively camaraderie, Gintoki, Kagura, and Shinpachi are faced with unforeseen situations that manage to be both hilarious and emotionally stirring.

[Written by MAL Rewrite]"
Given Movie 3: Umi e,8.51,"Sep 20, 2024","['Boys Love', 'Drama']",Manga,Movie,1,PG-13 - Teens 13 or older,#158,#4623,"30,593",172,https://myanimelist.net/images/anime/1663/144261.jpg,Second part of Given Movie: Hiiragi Mix.
JoJo no Kimyou na Bouken Part 6: Stone Ocean Part 3,8.51,"Dec 1, 2022","['Action', 'Adventure']",Manga,ONA,14,R - 17+ (violence & profanity),#159,#918,"304,194","3,523",https://myanimelist.net/images/anime/1233/128920.jpg,"After finally escaping the confines of Green Dolphin Street Jail, Jolyne Kuujou—alongside her companions Ermes Costello and Emporio Alniño—pursues the villainous priest Enrico Pucci across the state of Florida. Jolyne's allies, Weather Report and Narciso Anasui, struggle to catch up with her in order to help bring an end to Pucci's plot. As both parties pursue the priest, they must battle against Pucci's band of enemy Stand users.

While Jolyne's comrades fight for their lives, Pucci races to the Kennedy Space Center. There he hopes to enact his ultimate goal, one he believes God has entrusted to him. He aims to fulfill the will of the Joestars' blood enemy Dio Brando and—by robbing humanity of free will and making them slaves to fate—to create a world where all humans are blissfully happy.

Unable to rely on the aid of her comatose father Joutarou, Jolyne must weaponize all she has learned in prison to confront Pucci in a climactic battle while the world itself hangs in the balance.

[Written by MAL Rewrite]"
Jujutsu Kaisen,8.51,"Oct 3, 2020 to Mar 27, 2021","['Action', 'Award Winning', 'Supernatural']",Manga,TV,24,R - 17+ (violence & profanity),#160,#12,"3,014,480","95,972",https://myanimelist.net/images/anime/1171/109222.jpg,"Idly indulging in baseless paranormal activities with the Occult Club, high schooler Yuuji Itadori spends his days at either the clubroom or the hospital, where he visits his bedridden grandfather. However, this leisurely lifestyle soon takes a turn for the strange when he unknowingly encounters a cursed item. Triggering a chain of supernatural occurrences, Yuuji finds himself suddenly thrust into the world of Curses—dreadful beings formed from human malice and negativity—after swallowing the said item, revealed to be a finger belonging to the demon Sukuna Ryoumen, the King of Curses.

Yuuji experiences first-hand the threat these Curses pose to society as he discovers his own newfound powers. Introduced to the Tokyo Prefectural Jujutsu High School, he begins to walk down a path from which he cannot return—the path of a Jujutsu sorcerer.

[Written by MAL Rewrite]"
Fruits Basket: The Final,8.94,"Apr 6, 2021 to Jun 29, 2021","['Drama', 'Romance', 'Supernatural']",Manga,TV,13,PG-13 - Teens 13 or older,#17,#443,"560,836","21,319",https://myanimelist.net/images/anime/1085/114792.jpg,"Hundreds of years ago, the Chinese zodiac spirits and their god swore to stay together eternally. United by this promise, the possessed members of the Souma family shall always return to each other under any circumstances. Yet, when these bonds shackle them from freedom, it becomes an undesirable burden—a curse. As head of the clan, Akito is convinced that he shares a special connection with the other Soumas. While he desperately clings to this fantasy, the rest of the family remains isolated and suppressed by the fear of punishment.

Tooru Honda, who has grown attached to the Soumas, is determined to break the chains that bind them. Her companionship with the family and her friends encourages her to move forward with lifting the curse. However, due to confounding revelations, she struggles to find the tenacity to continue her endeavors. With time slowly withering away, Tooru contends with an uncertain future in hopes of reaching the tranquility that may lie beyond all this commotion.

[Written by MAL Rewrite]"
Kara no Kyoukai Movie 5: Mujun Rasen,8.51,"Aug 16, 2008","['Action', 'Drama', 'Fantasy', 'Mystery', 'Romance', 'Suspense']",Light novel,Movie,1,R - 17+ (violence & profanity),#161,#1103,"253,662","4,706",https://myanimelist.net/images/anime/4/75851.jpg,"In November 1998, a double homicide occurs at the newly constructed Ogawa apartment complex in the heart of Mifune City. The murderer, Tomoe Enjou, has fled in a panic. To his astonishment, he is not pursued by the police and news of the incident has not been reported through media outlets. After Shiki Ryougi defends Tomoe from a group of thugs, she allows him to use her residence as a hideout. However, a few days later, Tomoe is shaken to discover that his mother is alive, even though he is convinced that he killed her.

Coincidentally, Mikiya Kokutou is investigating a tip that his associate Touko Aozaki receives regarding the murder at the unique apartment complex. As he uncovers more information about the incident, Mikiya takes a particular interest in Tomoe. Deciding to investigate him further, Mikiya soon discovers the disturbing truth of the foreboding Ogawa complex.

The fifth installment of the Kara no Kyoukai film series, Mujun Rasen combines an intricately constructed mystery with established themes and characters to produce a dark, thought-provoking story.

[Written by MAL Rewrite]"
Prism Rondo,8.51,"Jan 15, 2026","['Drama', 'Romance']",Original,ONA,20,PG-13 - Teens 13 or older,#162,#3493,"52,409",940,https://myanimelist.net/images/anime/1862/153881.jpg,"In early-1900s London, Lili Ichijouin, a Japanese exchange student travels to England to enroll in the prestigious Saint Thomas Art Academy. Determined to become a painter, she arrives under pressure: her parents expect her to rise to the top of her class within six months or return home.

Lili's drive intensifies when she encounters Kit Church, a gifted aristocratic student known for his talent and detachment. While Kit has devoted himself entirely to painting, Lili's sincerity and resilience begin to shift something in him. The two share little beyond their love for art, yet their relationship quickly becomes central to life at the academy.

(Source: Netflix, edited)"
Grand Blue Season 2,8.50,"Jul 8, 2025 to Sep 23, 2025",['Comedy'],Manga,TV,12,PG-13 - Teens 13 or older,#163,#1417,"195,432","1,294",https://myanimelist.net/images/anime/1108/150583.jpg,"Three months have passed since Iori Kitahara began living above Grand Blue, his uncle's scuba diving shop, and joined his university's Diving Club. Alongside the other members, he has spent his days drinking and recklessly having fun. However, when Iori's sister, Shiori, hears about his behavior, she decides to take matters into her own hands—and bring him back home to make him take over their family's inn.

Despite her best efforts, Shiori temporarily gives up as she sees how Iori has grown attached to Grand Blue and his friends. As Iori and the rest of the Diving Club continue to party like there is no tomorrow, they end up in all kinds of bizarrely amusing situations, still somehow managing to hone their scuba diving skills!

[Written by MAL Rewrite]"
JoJo no Kimyou na Bouken Part 4: Diamond wa Kudakenai,8.50,"Apr 2, 2016 to Dec 24, 2016","['Action', 'Adventure']",Manga,TV,39,R - 17+ (violence & profanity),#164,#129,"1,264,537","43,515",https://myanimelist.net/images/anime/3/79156.jpg,"The year is 1999. Morioh, a normally quiet and peaceful town, has recently become a hotbed of strange activity. Joutarou Kuujou, now a marine biologist, heads to the mysterious town to meet Jousuke Higashikata. While the two may seem like strangers at first, Jousuke is actually the illegitimate child of Joutarou's grandfather, Joseph Joestar. When they meet, Joutarou realizes that he may have more in common with Jousuke than just a blood relation.

Along with the mild-mannered Kouichi Hirose and the boisterous Okuyasu Nijimura, the group dedicates themselves to investigating recent disappearances and other suspicious occurrences within Morioh. Aided by the power of Stands, the four men will encounter danger at every street corner, as it is up to them to unravel the town's secrets, before another occurs.

[Written by MAL Rewrite]"
Mahou Shoujo Madoka★Magica Movie 3: Hangyaku no Monogatari,8.50,"Oct 26, 2013","['Award Winning', 'Drama', 'Suspense']",Original,Movie,1,PG-13 - Teens 13 or older,#165,#642,"419,910","9,729",https://myanimelist.net/images/anime/5/54231.jpg,"The young girls of Mitakihara happily live their lives, occasionally fighting off evil, but otherwise going about their peaceful, everyday routines. However, Homura Akemi feels that something is wrong with this unusually pleasant atmosphere—though the others remain oblivious, she can't help but suspect that there is more to what is going on than meets the eye: someone who should not exist is currently present to join in on their activities.

Mahou Shoujo Madoka★Magica Movie 3: Hangyaku no Monogatari follows Homura in her struggle to uncover the painful truth behind the mysterious circumstances, as she selfishly and desperately fights for the sake of her undying love in this despair-ridden conclusion to the story of five magical girls.

[Written by MAL Rewrite]"
Sora yori mo Tooi Basho,8.50,"Jan 2, 2018 to Mar 27, 2018","['Adventure', 'Comedy', 'Drama']",Original,TV,13,PG-13 - Teens 13 or older,#166,#455,"552,356","14,802",https://myanimelist.net/images/anime/6/89879.jpg,"Filled with an overwhelming sense of wonder for the world around her, Mari Tamaki has always dreamt of what lies beyond the reaches of the universe. However, despite harboring such large aspirations on the inside, her fear of the unknown and anxiety over her own possible limitations have always held her back from chasing them. But now, in her second year of high school, Mari is more determined than ever to not let any more of her youth go to waste. Still, her fear continues to prevent her from taking that ambitious step forward—that is, until she has a chance encounter with a girl who has grand dreams of her own.

Spurred by her mother's disappearance, Shirase Kobuchizawa has been working hard to fund her trip to Antarctica. Despite facing doubt and ridicule from virtually everyone, Shirase is determined to embark on this expedition to search for her mother in a place further than the universe itself. Inspired by Shirase's resolve, Mari jumps at the chance to join her. Soon, their efforts attract the attention of the bubbly Hinata Miyake, who is eager to stand out, and Yuzuki Shiraishi, a polite girl from a high class background. Together, the four spirited girls set sail toward the frozen south, all in search of something great.

[Written by MAL Rewrite]"
Tian Guan Cifu Short Films,8.50,"Feb 12, 2025 to ?","['Action', 'Adventure', 'Drama', 'Fantasy']",Web novel,ONA,Unknown,PG-13 - Teens 13 or older,#167,#6888,"11,343",173,https://myanimelist.net/images/anime/1174/149943.jpg,"A series of short films.

Short film #1: Xie Lian and Hua Cheng's first encounter.

Short film #2: Xie Lian and Hua Cheng enjoy the Lantern Festival at the Ghost Market.

Short film #3: Xie Lian and Hua Cheng are underwater then they return to Ghost City."
Yuru Camp△ Season 2,8.50,"Jan 7, 2021 to Apr 1, 2021",['Slice of Life'],Manga,TV,13,PG-13 - Teens 13 or older,#168,#1106,"253,235","3,194",https://myanimelist.net/images/anime/1255/110636.jpg,"Having spent Christmas camping with her new friends, Rin Shima embarks on a solo-camping trip to see the New Year sunrise by the sea. All goes according to plan until unforeseen weather blocks the roads back home, making a return trip impossible. Rin, who is now stranded for a few days, is invited by Nadeshiko Kagamihara to stay at her grandmother's house. 

What is supposed to be a two-day trip becomes an extended period of sightseeing and new experiences for Rin, and she encounters some new and old faces along the way. Yuru Camp△ Season 2 continues the story of Rin, Nadeshiko, and their friends as they further explore the joys of camping.

[Written by MAL Rewrite]"
Chou Kaguya-hime!,8.49,"Jan 22, 2026","['Action', 'Sci-Fi', 'Supernatural']",Original,ONA,1,PG-13 - Teens 13 or older,#169,#2709,"81,981","1,905",https://myanimelist.net/images/anime/1758/153953.jpg,"Tsukuyomi is a virtual realm where hopes and dreams come together. Iroha Sakayori, a 17-year-old high school student in Tokyo, leads an extremely busy life trying to balance part-time work and academics. She finds peace by watching a popular streamer named Yachiyo Runami, who is the administrator of an online virtual space called Tsukuyomi.

Iroha frequents Tsukuyomi, where people can live different lives and freely pursue their creativity, and she passes the time by supporting Yachiyo and playing battle games to earn a little extra money. On her way home one day, Iroha finds a telephone pole shining with iridescent hues. To her surprise, an adorable baby emerges from the pole. Unable to abandon it, Iroha takes the infant home and watches her rapidly grow into a girl her own age.

""Are you Princess Kaguya?""

The grown-up Kaguya develops a self-indulgent personality. At Kaguya's fervent request, Iroha helps her start streaming in Tsukuyomi. With Iroha as producer and songwriter and Kaguya as streamer and singer, the two grow steadily closer. Little do they know that ominous forces lie in wait, eager to take Kaguya back to the moon.

This is the tale of Princess Kaguya as never seen before.

(Source: Netflix, edited)"
Mob Psycho 100,8.49,"Jul 11, 2016 to Sep 27, 2016","['Action', 'Comedy', 'Supernatural']",Web manga,TV,12,PG-13 - Teens 13 or older,#170,#27,"2,310,431","54,256",https://myanimelist.net/images/anime/8/80356.jpg,"Eighth-grader Shigeo ""Mob"" Kageyama has tapped into his inner wellspring of psychic prowess at a young age. But the power quickly proves to be a liability when he realizes the potential danger in his skills. Choosing to suppress his power, Mob's only present use for his ability is to impress his longtime crush, Tsubomi, who soon grows bored of the same tricks.

In order to effectuate control on his skills, Mob enlists himself under the wing of Arataka Reigen, a con artist claiming to be a psychic, who exploits Mob's powers for pocket change. Now, exorcising evil spirits on command has become a part of Mob's daily, monotonous life. However, the psychic energy he exerts is barely the tip of the iceberg; if his vast potential and unrestrained emotions run berserk, a cataclysmic event that would render him completely unrecognizable will be triggered. The progression toward Mob's explosion is rising and attempting to stop it is futile.

[Written by MAL Rewrite]"
Clannad: After Story,8.93,"Oct 3, 2008 to Mar 27, 2009","['Drama', 'Romance']",Visual novel,TV,24,PG-13 - Teens 13 or older,#18,#123,"1,282,753","73,909",https://myanimelist.net/images/anime/1299/110774.jpg,"Tomoya Okazaki and Nagisa Furukawa have graduated from high school, and together, they experience the emotional rollercoaster of growing up. Unable to decide on a course for his future, Tomoya learns the value of a strong work ethic and discovers the strength of Nagisa's support. Through the couple's dedication and unity of purpose, they push forward to confront their personal problems, deepen their old relationships, and create new bonds.

Time also moves on in the Illusionary World. As the plains grow cold with the approach of winter, the Illusionary Girl and the Garbage Doll are presented with a difficult situation that reveals the World's true purpose.

[Written by MAL Rewrite]"
Aria the Origination,8.48,"Jan 8, 2008 to Apr 1, 2008","['Sci-Fi', 'Slice of Life']",Manga,TV,13,G - All Ages,#171,#1847,"141,918","4,285",https://myanimelist.net/images/anime/1431/132867.jpg,"In the 24th century on the planet Aqua, three girls—Akari Mizunashi, Alice Carroll, and Aika S. Granzchesta—continue to work hard toward achieving their goal of becoming Prima Undines: professional tour guide gondoliers. Luckily, the girls have the guidance of the three best Prima Undines in Neo-Venezia—Alicia Florence, Athena Glory, and Akira E. Ferrari—who are known as the ""Water Fairies"" in honor of their skill. With their help, the young apprentices train hard and work to overcome any situations that they find themselves in.

As these three young girls experience both the joys and hardships of life, they do their best to improve as tour gondoliers in Neo-Venezia, a terraformed replica of Venice.

[Written by MAL Rewrite]"
One Punch Man,8.48,"Oct 5, 2015 to Dec 21, 2015","['Action', 'Comedy']",Web manga,TV,12,R - 17+ (violence & profanity),#172,#4,"3,508,575","66,336",https://myanimelist.net/images/anime/12/76049.jpg,"The seemingly unimpressive Saitama has a rather unique hobby: being a hero. In order to pursue his childhood dream, Saitama relentlessly trained for three years, losing all of his hair in the process. Now, Saitama is so powerful, he can defeat any enemy with just one punch. However, having no one capable of matching his strength has led Saitama to an unexpected problem—he is no longer able to enjoy the thrill of battling and has become quite bored.

One day, Saitama catches the attention of 19-year-old cyborg Genos, who witnesses his power and wishes to become Saitama's disciple. Genos proposes that the two join the Hero Association in order to become certified heroes that will be recognized for their positive contributions to society. Saitama, who is shocked that no one knows who he is, quickly agrees. Meeting new allies and taking on new foes, Saitama embarks on a new journey as a member of the Hero Association to experience the excitement of battle he once felt.

[Written by MAL Rewrite]"
Ousama Ranking,8.48,"Oct 15, 2021 to Mar 25, 2022","['Adventure', 'Fantasy']",Web manga,TV,23,PG-13 - Teens 13 or older,#173,#305,"753,207","13,791",https://myanimelist.net/images/anime/1347/117616.jpg,"The people of the kingdom look down on the young Prince Bojji, who can neither hear nor speak. They call him ""The Useless Prince"" while jeering at his supposed foolishness.

However, while Bojji may not be physically strong, he is certainly not weak of heart. When a chance encounter with a shadow creature should have left him traumatized, it instead makes him believe that he has found a friend amidst those who only choose to notice his shortcomings. He starts meeting with Kage, the shadow, regularly, to the point where even the otherwise abrasive creature begins to warm up to him.

Kage and Bojji's unlikely friendship lays the budding foundations of the prince's journey, one where he intends to conquer his fears and insecurities. Despite the constant ridicule he faces, Bojji resolves to fulfill his desire of becoming the best king he can be.

[Written by MAL Rewrite]"
Uchuu Kyoudai,8.48,"Apr 1, 2012 to Mar 22, 2014",['Comedy'],Manga,TV,99,PG-13 - Teens 13 or older,#174,#1321,"210,382","3,947",https://myanimelist.net/images/anime/1290/135694.jpg,"On a fateful summer night in 2006, Mutta Nanba and his younger brother Hibito witness what they believe to be a UFO flying toward the Moon. This impressing and unusual phenomenon leads both siblings vowing to become astronauts, with Hibito aiming for the Moon and Mutta, convinced that the eldest brother has to be one step ahead, for Mars.

Now an adult, life hasn't turned out how Mutta had pictured it: he is diligently working in an automotive company, whereas Hibito is on his way to be the very first Japanese man to step on the Moon. However, after losing his job, Mutta is presented with an unexpected opportunity to catch up to his younger brother when the Japanese Aerospace Exploration Agency, commonly known as JAXA, accepts his application to participate in the next astronaut selection. Despite self-doubts about his prospects, Mutta is unwilling to waste this chance of a lifetime, and thus embarks on an ambitious journey to fulfill the promise made 19 years ago.

[Written by MAL Rewrite]"
Xian Ni,8.48,"Sep 25, 2023 to ?","['Action', 'Adventure', 'Fantasy']",Web novel,ONA,180,PG-13 - Teens 13 or older,#175,#6992,"10,929",345,https://myanimelist.net/images/anime/1289/149708.jpg,"Wang Lin is a very smart boy with loving parents. Although he and his parents are shunned by the rest of their relatives, his parents have always held high hopes that he will one day achieve greatness. One day, Wang Lin suddenly gained the chance to walk the path of an immortal but found that he only had mediocre talent at best. Watch Wang Lin as he breaks through his lack of talent and walks the path towards becoming a real immortal!

(Source: Xian Ni Wiki)"
Ansatsu Kyoushitsu 2nd Season,8.47,"Jan 8, 2016 to Jul 1, 2016","['Action', 'Comedy']",Manga,TV,25,PG-13 - Teens 13 or older,#176,#85,"1,563,756","17,924",https://myanimelist.net/images/anime/8/77966.jpg,"Returning from their summer vacation, the students of Class 3-E at the prestigious Kunugigaoka Middle School find themselves up against unbeatable odds. Faced with the possibility of world annihilation, the students must come up with increasingly elaborate and creative ways to kill their teacher, the cunning yet optimistic and helpful Koro-sensei.

However, eliminating Koro-sensei is not the only objective the students need to worry about. Gakuhou Asano, the academy's merciless and cruel principal, seeks to prevent Class 3-E's success by brainwashing his other hard-working pupils into ruthlessly competitive studying machines. Hostility begins to linger in the air as traitors and killers alike attempt to claim the bounty on Koro-sensei's head for themselves.

Nagisa Shiota, one of Class 3-E's most skilled assassins, finds himself in the middle of the conflict. While he works to maintain his academic standing and prevent the end of the world, domestic affairs jeopardize his place in Class 3-E. Together with his dedicated classmates, he must now face the threats head-on.

[Written by MAL Rewrite]"
Medalist 2nd Season,8.47,"Jan 25, 2026 to Mar 22, 2026","['Drama', 'Sports']",Manga,TV,9,PG-13 - Teens 13 or older,#177,#4128,"38,932",147,https://myanimelist.net/images/anime/1828/155038.jpg,"Ever since the novice coach Tsukasa Akeuraji took Inori Yuitsuka under his mentorship, she has improved her figure skating at a fast pace. After passing a qualifying badge test, she earns a spot to compete in the upcoming Chubu Block Tournament, where only five of the 15 competitors can move forward to the next stage—the prestigious All-Japan Novice Tournament. However, earning a slot will not be easy for Inori: most of her rivals have already experienced trying their luck in the competition.

The stakes are high as the competition begins, and one by one, each of the competitors strive to perform their very best in front of the big crowd. Moreover, the current figure skating generation's prodigy, Hikaru Kamisaki, is not competing in this block, which raises everyone's determination to qualify. That includes Inori, who must beat the odds if she wants to keep her promise to reach Hikaru and represent Japan in the Olympics with Tsukasa.

[Written by MAL Rewrite]"
Nezha Zhi Mo Tong Nao Hai,8.47,"Jan 29, 2025","['Action', 'Comedy', 'Drama', 'Fantasy']",Original,Movie,1,PG-13 - Teens 13 or older,#178,#6987,"10,962",65,https://myanimelist.net/images/anime/1616/147002.jpg,"After the heavenly lightning, although Ne Zha and Ao Bing survived by becoming Spirits, they would soon dissipate completely. Taiyi plans to rebuild Ne Zha and Ao Bing's mortal bodies with the Seven-colored Precious Lotus. However, during the process of reconstruction, numerous obstacles arise. What will become of the fate of Ne Zha and Ao Bing? 

(Source: AMC)"
Nichijou,8.47,"Apr 3, 2011 to Sep 25, 2011",['Comedy'],Manga,TV,26,PG-13 - Teens 13 or older,#179,#196,"980,170","25,592",https://myanimelist.net/images/anime/3/75617.jpg,"Nichijou primarily focuses on the daily antics of a trio of childhood friends—high school girls Mio Naganohara, Yuuko Aioi and Mai Minakami—whose stories soon intertwine with the young genius Hakase Shinonome, her robot caretaker Nano, and their talking cat Sakamoto. With every passing day, the lives of these six, as well as of the many people around them, experience both the calms of normal life and the insanity of the absurd. Walking to school, being bitten by a talking crow, spending time with friends, and watching the principal suplex a deer: they are all in a day's work in the extraordinary everyday lives of those in Nichijou. 

[Written by MAL Rewrite]"
Yakusoku no Neverland,8.47,"Jan 11, 2019 to Mar 29, 2019","['Mystery', 'Suspense']",Manga,TV,12,R - 17+ (violence & profanity),#180,#37,"2,147,916","32,919",https://myanimelist.net/images/anime/1830/118780.jpg,"Surrounded by a forest and a gated entrance, the Grace Field House is inhabited by orphans happily living together as one big family, looked after by their ""Mama,"" Isabella. Although they are required to take tests daily, the children are free to spend their time as they see fit, usually playing outside, as long as they do not venture too far from the orphanage—a rule they are expected to follow no matter what. However, all good times must come to an end, as every few months, a child is adopted and sent to live with their new family, never to be heard from again.

However, the three oldest siblings have their suspicions about what is actually happening at the orphanage, and they are about to discover the cruel fate that awaits the children living at Grace Field, including the twisted nature of their beloved Mama.

[Written by MAL Rewrite]"
Gintama,8.93,"Apr 4, 2006 to Mar 25, 2010","['Action', 'Comedy', 'Sci-Fi']",Manga,TV,201,PG-13 - Teens 13 or older,#19,#147,"1,151,868","61,786",https://myanimelist.net/images/anime/10/73274.jpg,"Edo is a city that was home to the vigor and ambition of samurai across the country. However, following feudal Japan's surrender to powerful aliens known as the ""Amanto,"" those aspirations now seem unachievable. With the once-influential shogunate rebuilt as a puppet government, a new law is passed that promptly prohibits all swords in public. 

Enter Gintoki Sakata, an eccentric silver-haired man who always carries around a wooden sword and maintains his stature as a samurai despite the ban. As the founder of Yorozuya, a small business for odd jobs, Gintoki often embarks on endeavors to help other people—though usually in rather strange and unforeseen ways. 

Assisted by Shinpachi Shimura, a boy with glasses supposedly learning the way of the samurai; Kagura, a tomboyish girl with superhuman strength and an endless appetite; and Sadaharu, their giant pet dog who loves biting on people's heads, the Yorozuya encounter anything from alien royalty to scuffles with local gangs in the ever-changing world of Edo.

[Written by MAL Rewrite]"
Chihayafuru 3,8.46,"Oct 23, 2019 to Mar 25, 2020","['Drama', 'Romance', 'Sports']",Manga,TV,24,PG-13 - Teens 13 or older,#181,#1704,"157,008","1,689",https://myanimelist.net/images/anime/1898/110709.jpg,"Winning the high school team tournament was a great accomplishment for the Mizusawa members. Each of them has made great strides in improving themselves, and the victory symbolizes how far they have come. But after accomplishing one goal, their individual aims are within reach. Chihaya Ayase has her sights set on Shinobu Wakamiya and the title of Queen, and now that Taichi Mashima has made it into Class A, he can finally compete against Arata Wataya. Everyone in Mizusawa wants to get better, and there is no telling what the future holds if they keep trying.

[Written by MAL Rewrite]"
Doupo Cangqiong: San Nian Zhi Yue,8.46,"Oct 31, 2021 to Jan 16, 2022","['Action', 'Adventure', 'Fantasy']",Web novel,ONA,13,PG-13 - Teens 13 or older,#182,#6825,"11,608",205,https://myanimelist.net/images/anime/1029/118861.jpg,"Three years ago, Nalan Yanran, the young sect leader of the Yunlan Sect, rashly broke off her engagement. Feeling deeply humiliated, Xiao Yan made a three-year pact with Nalan Yanran. For this pact, Xiao Yan cultivated tirelessly, enduring trials from the Magical Beast Mountain Range to the Tagor Desert, from alchemy to the excruciating pain of absorbing a strange fire—all to prove the saying: ""Thirty years east of the river, thirty years west of the river; never underestimate a young man's potential."" Now, the men of the Xiao family will rise to the challenge, never retreating. Xiao Yan's path of growth continues…

(Source: Tencent, translated)"
Fate/stay night Movie: Heaven's Feel - II. Lost Butterfly,8.46,"Jan 12, 2019","['Action', 'Fantasy']",Visual novel,Movie,1,R - 17+ (violence & profanity),#183,#612,"437,235","3,566",https://myanimelist.net/images/anime/1974/98158.jpg,"The Fifth Holy Grail War continues, and the ensuing chaos results in higher stakes for all participants. Shirou Emiya continues to participate in the war, aspiring to be a hero of justice who saves everyone. He sets out in search of the truth behind a mysterious dark shadow and its murder spree, determined to defeat it.

Meanwhile, Shinji Matou sets his own plans into motion, threatening Shirou through his sister Sakura Matou. Shirou and Rin Toosaka battle Shinji, hoping to relieve Sakura from the abuses of her brother. But the ugly truth of the Matou siblings begins to surface, and many dark secrets are exposed.

Fate/stay night Movie: Heaven's Feel - II. Lost Butterfly continues to focus on the remaining Masters and Servants as they fight each other in the hopes of obtaining the Holy Grail. However, as darkness arises within Fuyuki City, even the state of their sacred war could be in danger.

[Written by MAL Rewrite]"
Gintama: The Semi-Final,8.46,"Jan 15, 2021 to Jan 20, 2021","['Action', 'Comedy']",Manga,Special,2,PG-13 - Teens 13 or older,#184,#2504,"92,872",267,https://myanimelist.net/images/anime/1694/110521.jpg,"As the war temporarily calms down and Edo rebuilds, Gintoki finds Shinpachi—who is still unaware of his return—on a bridge. However, as a fight quickly breaks out between the Yorozuya and the Tenshouin Naraku, suspicion grows, forcing Gintoki to use what is nearest—a loincloth—to mask his identity. Saved for the time being, Gintoki enters the Yorozuya office, but unbeknownst to him, someone else is already waiting there...

Meanwhile, Kondou departs Earth to marry Princess Bubbles in an attempt to improve diplomatic relations. After boarding the Gorilla Amanto mother ship, he realizes that he doesn't speak their language. Confused, Kondou tries conversing with them, only to inadvertently gain their support. However, someone associated with the princess crashes the ongoing ceremony. Will the wedding continue, or has Kondou just been saved from becoming the next Gorilla Prince?

[Written by MAL Rewrite]"
Rainbow: Nisha Rokubou no Shichinin,8.46,"Apr 7, 2010 to Sep 29, 2010","['Drama', 'Suspense']",Manga,TV,26,R - 17+ (violence & profanity),#185,#635,"424,366","8,660",https://myanimelist.net/images/anime/9/72697.jpg,"Japan, 1955: Mario Minakami has just arrived at Shounan Special Reform School along with five other teenagers who have been arrested on serious criminal charges. All assigned to the same cell, they meet older inmate Rokurouta Sakuragi—a former boxer—with whom they establish a close bond. Under his guidance, and with the promise that they will meet again on the outside after serving their sentences, the delinquents begin to view their hopeless situation in a better light.

The seven cellmates struggle together against the brutal suffering and humiliation inflicted upon them by Ishihara, a sadistic guard with a grudge on Rokurouta, and Gisuke Sasaki, a doctor who takes pleasure in violating boys. Facing such hellish conditions, the seven inmates must scrape together all the strength they have to survive until their sentences are up; but even if they do, just what kind of lives are waiting for them on the other side?

[Written by MAL Rewrite]"
Summertime Render,8.46,"Apr 15, 2022 to Sep 30, 2022","['Mystery', 'Supernatural', 'Suspense']",Manga,TV,25,R - 17+ (violence & profanity),#186,#361,"673,042","11,371",https://myanimelist.net/images/anime/1120/120796.jpg,"Since the death of his parents, Shinpei Ajiro had lived with the Kofune family and their two daughters—Mio and Ushio. Although he then left his home island to continue his education in Tokyo, Shinpei returns after Ushio tragically drowns during the attempted rescue of a little girl. During the funeral, his best friend informs him about bruises found around Ushio's neck, casting doubt over the cause of her death.

Suspecting a murder has taken place, Shinpei reevaluates recent events, but strange incidents only continue to transpire. Disappearing people and other unexplainable occurrences lead Mio to recall an old folktale referring to entities called ""Shadows,"" which may not be entirely fantasy. Supposedly, an encounter with one's Shadow foretells the person's impending demise.

Facing the dark side of Hitogashima Island, Shinpei stands against his grim fate to fulfill Ushio's final will—to protect Mio.

[Written by MAL Rewrite]"
Yuu☆Yuu☆Hakusho,8.46,"Oct 10, 1992 to Jan 7, 1995","['Action', 'Supernatural']",Manga,TV,112,PG-13 - Teens 13 or older,#187,#307,"751,475","24,624",https://myanimelist.net/images/anime/1228/111372.jpg,"One fateful day, Yuusuke Urameshi, a 14-year-old delinquent with a dim future, gets a miraculous chance to turn it all around when he throws himself in front of a moving car to save a young boy. His ultimate sacrifice is so out of character that the authorities of the spirit realm are not yet prepared to let him pass on. Koenma, heir to the throne of the spirit realm, offers Yuusuke an opportunity to regain his life through completion of a series of tasks. With the guidance of the death god Botan, he is to thwart evil presences on Earth as a Spirit Detective.

To help him on his venture, Yuusuke enlists ex-rival Kazuma Kuwabara, and two demons, Hiei and Kurama, who have criminal pasts. Together, they train and battle against enemies who would threaten humanity's very existence.

[Written by MAL Rewrite]"
Banana Fish,8.45,"Jul 6, 2018 to Dec 21, 2018","['Action', 'Adventure', 'Drama', 'Suspense']",Manga,TV,24,R - 17+ (violence & profanity),#188,#203,"959,788","32,017",https://myanimelist.net/images/anime/1190/93472.jpg,"Aslan Jade Callenreese, known as Ash Lynx, was a runaway picked off the streets of New York City and raised by the infamous godfather of the mafia, Dino Golzine. Now 17 years old and the boss of his own gang, Ash begins investigating the mysterious ""Banana Fish""—the same two words his older brother, Griffin, has muttered since his return from the Iraq War. However, his inquiries are hindered when Dino sends his men after Ash at an underground bar he uses as a hideout.

At the bar, Skip, Ash's friend, introduces him to Shunichi Ibe and his assistant, Eiji Okumura, who are Japanese photographers reporting on American street gangs. However, their conversation is interrupted when Shorter Wong, one of Ash's allies, calls to warn him about Dino. Soon, Dino's men storm the bar, and in the ensuing chaos kidnap Skip and Eiji. Now, Ash must find a way to rescue them and continue his investigation into Banana Fish, but will his history with the mafia prevent him from succeeding?

[Written by MAL Rewrite]"
Grand Blue,8.45,"Jul 14, 2018 to Sep 29, 2018",['Comedy'],Manga,TV,12,PG-13 - Teens 13 or older,#189,#228,"901,715","22,520",https://myanimelist.net/images/anime/1302/94882.jpg,"Iori Kitahara moves to the coastal town of Izu for his freshman year at its university, taking residence above Grand Blue, his uncle's scuba diving shop. Iori has high hopes and dreams about having the ideal college experience, but when he enters the shop he is sucked into the alcoholic activities of the carefree members of the Diving Club who frequent the place. Persuaded by upperclassmen Shinji Tokita and Ryuujirou Kotobuki, Iori reluctantly joins their bizarre party. His cousin Chisa Kotegawa later walks in and catches him in the act, earning Iori her utter disdain.

Based on Kenji Inoue and Kimitake Yoshioka's popular comedy manga, Grand Blue follows Iori's misadventures with his eccentric new friends as he strives to realize his ideal college dream, while also learning how to scuba dive.

[Written by MAL Rewrite]"
Owarimonogatari,8.45,"Oct 4, 2015 to Dec 20, 2015","['Comedy', 'Mystery', 'Supernatural']",Light novel,TV,12,R - 17+ (violence & profanity),#190,#502,"509,936","3,034",https://myanimelist.net/images/anime/8/76479.jpg,"A peculiar transfer student named Ougi Oshino has just arrived at Naoetsu Private High School. She is quickly introduced to senior student Koyomi Araragi by their mutual friend Kanbaru Suruga, in hopes of obtaining advice regarding a strange discovery she has made. After taking a look at the school's layout, Ougi notices that a classroom has appeared in an otherwise empty area—a place that should not exist. 

Unsure if this is the work of an apparition, Araragi and Ougi attempt to unravel the truth behind this enigma. But Araragi soon discovers, after finding himself locked in with Ougi, that the room holds the memory of an event he had long since forgotten.

[Written by MAL Rewrite]"
Koe no Katachi,8.93,"Sep 17, 2016","['Award Winning', 'Drama']",Manga,Movie,1,PG-13 - Teens 13 or older,#20,#19,"2,603,256","95,841",https://myanimelist.net/images/anime/1122/96435.jpg,"As a wild youth, elementary school student Shouya Ishida sought to beat boredom in the cruelest ways. When the deaf Shouko Nishimiya transfers into his class, Shouya and the rest of his class thoughtlessly bully her for fun. However, when her mother notifies the school, he is singled out and blamed for everything done to her. With Shouko transferring out of the school, Shouya is left at the mercy of his classmates. He is heartlessly ostracized all throughout elementary and middle school, while teachers turn a blind eye.

Now in his third year of high school, Shouya is still plagued by his wrongdoings as a young boy. Sincerely regretting his past actions, he sets out on a journey of redemption: to meet Shouko once more and make amends.

Koe no Katachi tells the heartwarming tale of Shouya's reunion with Shouko and his honest attempts to redeem himself, all while being continually haunted by the shadows of his past.

[Written by MAL Rewrite]"
Steins;Gate Movie: Fuka Ryouiki no Déjà vu,8.45,"Apr 20, 2013","['Drama', 'Sci-Fi']",Visual novel,Movie,1,PG-13 - Teens 13 or older,#191,#383,"641,302","2,840",https://myanimelist.net/images/anime/1611/112806.jpg,"After a year in America, Kurisu Makise returns to Akihabara and reunites with Rintarou Okabe. However, their reunion is cut short when Okabe begins to experience recurring flashes of other timelines as the consequences of his time traveling start to manifest. These side effects eventually culminate in Okabe suddenly vanishing from the world, and only the startled Kurisu has any memory of his existence.

In the midst of despair, Kurisu is faced with a truly arduous choice that will test both her duty as a scientist and her loyalty as a friend: follow Okabe's advice and stay away from traveling through time to avoid the potential consequences it may have on the world lines, or ignore it to rescue the person that she cherishes most. Regardless of her decision, the path she chooses is one that will affect the past, the present, and the future.

[Written by MAL Rewrite]"
Tian Guan Cifu Special,8.45,"Feb 16, 2021","['Action', 'Adventure', 'Drama', 'Fantasy']",Web novel,ONA,1,PG-13 - Teens 13 or older,#192,#3221,"60,630",534,https://myanimelist.net/images/anime/1043/110306.jpg,"Xie Lian and Hua Cheng recount their recent adventures during a quiet night at Puqi Shrine. Amidst the serenity, the Crimson Rain Sought Flower reveals a little more about Xie Lian's true character, and an embarrassing memory reminds him of how much he has changed since his previous ascensions. However, no matter how much time has passed, Xie Lian never fails to believe in the good he sees in the people around him. Though the heavens may ridicule him, his words and actions have earned him the most devout of followers.

[Written by MAL Rewrite]"
Golden Kamuy 3rd Season,8.44,"Oct 5, 2020 to Dec 21, 2020","['Action', 'Adventure']",Manga,TV,12,R - 17+ (violence & profanity),#193,#1390,"199,894","1,626",https://myanimelist.net/images/anime/1763/108108.jpg,"After obtaining information about Asirpa from the foreteller Inkarmat, Saichi Sugimoto, Genjirou Tanigaki, and Cikapasi join the Seventh Division's Otonoshin Koito and Hajime Tsukishima on a journey to Karafuto. Heading further north into the freezing Russian territory, they collect any clues about Asirpa's whereabouts they can find and rush after her.

Meanwhile, Asirpa is unaware of what truly transpired at Abashiri Prison. Deeply disturbed and confused by her father Wilk's past actions, Asirpa follows his old friend Kiroranke to the place where Wilk was born and raised in order to better understand his motives. However, Kiroranke and the master sniper Hyakunosuke Ogata are scheming behind her back.

Even if they were to obtain all 24 tattooed skins that form a map to the lost Ainu gold, the various factions searching for it now understand that the map is useless without Asirpa. Realizing the danger she could be in, Sugimoto desperately hopes to reach Asirpa first and protect her from the greedy clutches of those who plan to drag her into their sins.

[Written by MAL Rewrite]"
Hunter x Hunter,8.44,"Oct 16, 1999 to Mar 31, 2001","['Action', 'Adventure', 'Fantasy']",Manga,TV,62,PG-13 - Teens 13 or older,#194,#380,"646,626","12,153",https://myanimelist.net/images/anime/1305/132237.jpg,"Hunters are specialized in a wide variety of fields, ranging from treasure hunting to cooking. They have access to otherwise unavailable funds and information that allow them to pursue their dreams and interests. However, being a hunter is a special privilege, only attained by taking a deadly exam with an extremely low success rate.

Gon Freecss, a 12-year-old boy with the hope of finding his missing father, sets out on a quest to take the Hunter Exam. Along the way, he picks up three companions who also aim to take the dangerous test: the revenge-seeking Kurapika, aspiring doctor Leorio Paladiknight, and a mischievous child the same age as Gon, Killua Zoldyck.

As the four aspiring hunters embark on a perilous adventure, they fight for their dreams while defying the odds.

[Written by MAL Rewrite]"
JoJo no Kimyou na Bouken Part 3: Stardust Crusaders - Egypt-hen,8.44,"Jan 10, 2015 to Jun 20, 2015","['Action', 'Adventure']",Manga,TV,24,R - 17+ (violence & profanity),#195,#132,"1,244,681","22,006",https://myanimelist.net/images/anime/11/75045.jpg,"Joutarou Kuujou and his allies have finally made it to Egypt, where the immortal Dio awaits. Upon their arrival, the group gains a new comrade: Iggy, a mutt who wields the Stand ""The Fool."" It's not all good news however, as standing in their path is a new group of Stand users who serve Dio, each with a Stand representative of an ancient Egyptian god. As their final battle approaches, it is a race against time to break Joutarou's mother free from her curse and end Dio's reign of terror over the Joestar family once and for all.

[Written by MAL Rewrite]"
Mo Dao Zu Shi,8.44,"Jul 9, 2018 to Oct 6, 2018","['Action', 'Adventure', 'Drama', 'Fantasy', 'Mystery']",Web novel,ONA,15,R - 17+ (violence & profanity),#196,#1097,"255,353","7,197",https://myanimelist.net/images/anime/1908/153734.jpg,"Xian: the state of immortality that all cultivators strive to achieve. However, there is a dark energy that lies underneath—the forbidden Mo Dao, or demonic path. Through an unfortunate series of tragedies, this is the path that cultivator Wei Wuxian experiments with during his teachings. His rise in power is accompanied by chaos and destruction, but his reign of terror comes to an abrupt end when the cultivation clans overpower him and he is killed by his closest ally.

Thirteen years later, Wei Wuxian is reincarnated in the body of a lunatic and reunited with Lan Wangji, a former classmate of his. This marks the beginning of a supernatural mystery that plagues the clans and threatens to disrupt their everyday life.

Mo Dao Zu Shi follows these two men on their mission to unravel the mysteries of the spiritual world. Fighting demons, ghosts, and even other cultivators, the two end up forming a bond that neither of them had ever expected.

[Written by MAL Rewrite]"
Mo Dao Zu Shi: Xian Yun Pian,8.44,"Aug 3, 2019 to Sep 21, 2019","['Action', 'Adventure', 'Drama', 'Fantasy', 'Mystery']",Web novel,ONA,8,R - 17+ (violence & profanity),#197,#2131,"118,712","1,310",https://myanimelist.net/images/anime/1404/106707.jpg,"Continuing his masquerade as the deranged lunatic from the Lanling Jin Clan, Wei Wuxian resides in the Cloud Recesses while his former cultivation classmate, Lan Wangji, searches for answers about the demonic severed arm they have in custody. With an overwhelming dark energy emanating from the arm, the two are forced to work together in order to keep it contained. However, the demonic arm is not the only dark force lurking in the region, and as spiritual tensions rise in the mountains of the Gusu Lan Clan, it is up to the two of them to try and restore the natural order.

The story of Wei Wuxian's fall from grace continues as more light is shed on his descent into the path of demonic cultivation. The demonic arm only further strains his mischievous spirit. This is the time for him to prove that he has truly broken free from the forbidden path and is not the maniacal sorcerer that everyone remembers him to be.

[Written by MAL Rewrite]"
Pluto,8.44,"Oct 26, 2023","['Action', 'Mystery', 'Sci-Fi', 'Suspense']",Manga,ONA,8,PG-13 - Teens 13 or older,#198,#1125,"249,040","3,365",https://myanimelist.net/images/anime/1021/138568.jpg,"Gesicht, an android police detective of Europol, is tasked with finding the murderer of Montblanc, a retired war hero robot. Although it appears that only a robot could have committed this crime, the murder of a renowned robot rights activist casts doubts on the criminal's identity. Indeed, outside of an isolated and unexplained incident that occurred eight years ago, robots are programmed to be unable to kill human beings. However, the lack of human evidence on the crime scene and the similarity of modus operandi lead Gesicht to suspect that the two murderers might be the same being—be they man or robot.

Shortly after Montblanc's passing, another retired elite war robot is mysteriously eliminated. Gesicht notices a pattern in the choice of murder victim: both dead robots belonged to a group of the seven most powerful war machines ever designed. Determined to stop the murderer from eliminating the five remaining veterans, Gesicht seeks help from Atom, a cutting-edge android who resembles a human boy. The duo must now hunt down the rogue killer before the series of murders is carried on, lest the very fabric of society suffer irremediable damage.

[Written by MAL Rewrite]"
Zoku Owarimonogatari,8.44,"May 19, 2019 to Jun 23, 2019","['Comedy', 'Mystery', 'Supernatural']",Light novel,TV,6,R - 17+ (violence & profanity),#199,#1114,"252,103","1,072",https://myanimelist.net/images/anime/1022/96168.jpg,"Graduation day is finally here, marking the end of Koyomi Araragi's eccentric high school life full of peculiar relationships with otherworldly beings.

However, Araragi is unexpectedly absorbed into his own bathroom mirror and trapped inside a bizarre world where everything he knows is completely reversed—the haughty Karen Araragi is shorter than usual, poker-faced Yotsugi Ononoki is brimming with emotion, and cute ghost girl Mayoi Hachikuji is a grown woman! But not everything is as it seems.

Zoku Owarimonogatari details the story of Araragi's endeavors in this new world as he struggles to return to his home and understand the nature of this bizarre dimension.

[Written by MAL Rewrite]"
Chainsaw Man,8.43,"Oct 12, 2022 to Dec 28, 2022","['Action', 'Fantasy']",Manga,TV,12,R - 17+ (violence & profanity),#200,#50,"1,947,152","55,468",https://myanimelist.net/images/anime/1806/126216.jpg,"Denji is robbed of a normal teenage life, left with nothing but his deadbeat father's overwhelming debt. His only companion is his pet, the chainsaw devil Pochita, with whom he slays devils for money that inevitably ends up in the yakuza's pockets. All Denji can do is dream of a good, simple life: one with delicious food and a beautiful girlfriend by his side. But an act of greedy betrayal by the yakuza leads to Denji's brutal, untimely death, crushing all hope of him ever achieving happiness.

Remarkably, an old contract allows Pochita to merge with the deceased Denji and bestow devil powers on him, changing him into a hybrid able to transform his body parts into chainsaws. Because Denji's new abilities pose a significant risk to society, the Public Safety Bureau's elite devil hunter Makima takes him in, letting him live as long as he obeys her command. Guided by the promise of a content life alongside an attractive woman, Denji devotes everything and fights with all his might to make his naive dreams a reality.

[Written by MAL Rewrite]"
Fullmetal Alchemist: Brotherhood,9.11,"Apr 5, 2009 to Jul 4, 2010","['Action', 'Adventure', 'Drama', 'Fantasy']",Manga,TV,64,R - 17+ (violence & profanity),#3,#3,"3,668,812","241,849",https://myanimelist.net/images/anime/1208/94745.jpg,"After a horrific alchemy experiment goes wrong in the Elric household, brothers Edward and Alphonse are left in a catastrophic new reality. Ignoring the alchemical principle banning human transmutation, the boys attempted to bring their recently deceased mother back to life. Instead, they suffered brutal personal loss: Alphonse's body disintegrated while Edward lost a leg and then sacrificed an arm to keep Alphonse's soul in the physical realm by binding it to a hulking suit of armor.

The brothers are rescued by their neighbor Pinako Rockbell and her granddaughter Winry. Known as a bio-mechanical engineering prodigy, Winry creates prosthetic limbs for Edward by utilizing ""automail,"" a tough, versatile metal used in robots and combat armor. After years of training, the Elric brothers set off on a quest to restore their bodies by locating the Philosopher's Stone—a powerful gem that allows an alchemist to defy the traditional laws of Equivalent Exchange.

As Edward becomes an infamous alchemist and gains the nickname ""Fullmetal,"" the boys' journey embroils them in a growing conspiracy that threatens the fate of the world.

[Written by MAL Rewrite]"
Sousou no Frieren 2nd Season,8.93,"Jan 16, 2026 to Mar 27, 2026","['Adventure', 'Drama', 'Fantasy']",Manga,TV,10,PG-13 - Teens 13 or older,#21,#518,"496,836","6,716",https://myanimelist.net/images/anime/1921/154528.jpg,"Following the First-Class Mage Exam, the trio—elven mage Frieren, warrior Stark, and first-class mage Fern—gains access to the dangerous Northern Plateau. As the party presses onward toward Aureole, formidable adversaries force Stark to confront his insecurities, solidifying his resolve and his role as the party's frontliner. Meanwhile, Fern continues to cherish the gifts she has been blessed with throughout her life, each a reminder of those she holds dear.

Frieren—still honoring her vow to understand humanity—revisits memories of her journey with the Hero's party and her fleeting encounter with a legendary figure. As she reflects on the passage of time, the elven mage quietly questions whether she has truly changed, yet in the small, almost subtle choices that she makes, there are signs that she might have become more human than she realizes.

[Written by MAL Rewrite]"
Haikyuu!!,8.43,"Apr 6, 2014 to Sep 21, 2014",['Sports'],Manga,TV,25,PG-13 - Teens 13 or older,#201,#36,"2,165,729","78,264",https://myanimelist.net/images/anime/7/76014.jpg,"Ever since having witnessed the ""Little Giant"" and his astonishing skills on the volleyball court, Shouyou Hinata has been bewitched by the dynamic nature of the sport. Even though his attempt to make his debut as a volleyball regular during a middle school tournament went up in flames, he longs to prove that his less-than-impressive height ceases to be a hindrance in the face of his sheer will and perseverance.

When Hinata enrolls in Karasuno High School, the Little Giant's alma mater, he believes that he is one step closer to his goal of becoming a professional volleyball player. Although the school only retains a shadow of its former glory, Hinata's conviction isn't shaken until he learns that Tobio Kageyama—the prodigy who humiliated Hinata's middle school volleyball team in a crushing defeat—is now his teammate.

To fulfill his desire of leaving a mark on the realm of volleyball—so often regarded as the domain of the tall and the strong—Hinata must smooth out his differences with Kageyama. Only when Hinata learns what it takes to be a part of a team will he be able to join the race to the top in earnest.

[Written by MAL Rewrite]"
Kimi ni Todoke 3rd Season,8.43,"Aug 1, 2024","['Drama', 'Romance']",Manga,ONA,5,PG-13 - Teens 13 or older,#202,#2194,"112,781",791,https://myanimelist.net/images/anime/1617/142448.jpg,"Summer is in full swing, and so is the love between Sawako Kuronuma and Shouta Kazehaya. From attending summer school together to meeting each other's parents, the two enjoy quality time together while tackling the feelings of self-doubt and emotional strain that come with their newfound love.

Meanwhile, Sawako's close friends, Chizuru Yoshida and Ayane Yano, struggle through their own romantic dilemmas as their past experiences with relationships clash with their present feelings. Full of inner turmoil, the youngsters' desire for intimacy persists through their second year of high school as they weave through the labyrinth of indecision and insecurity that is love. 

[Written by MAL Rewrite]"
Mushishi Zoku Shou: Odoro no Michi,8.43,"Aug 20, 2014","['Adventure', 'Mystery', 'Slice of Life', 'Supernatural']",Manga,TV Special,1,PG-13 - Teens 13 or older,#203,#2217,"111,036",127,https://myanimelist.net/images/anime/8/63539.jpg,"Mysterious, unknowable creatures alien to the laws of nature—known only to some and feared by others—""Mushi"" lie behind many of life's strange phenomena.

Long ago, a Mushi of terrifying power threatened to extinguish all life. The Minai clan of Mushishi were born from those who stopped this malevolent force, their members bound by duty to serve as retainers to the Karibusa family, within whom the Mushi remains sealed. The Mushishi Ginko is given a job request from Tanyuu Karibusa: oversee the work of the head of the Minai clan, Kumado Minai, in investigating an abandoned village where dead wood and even houses spring back to life as flourishing plants.

Though the Minai clan are oddly ruthless among Mushishi, even more peculiar is their widespread dull character, with little appreciation for beauty or sentiment. Tanyuu believes there is more to this trend than meets the eye. Ginko aims to answer her curiosity as he follows Kumado into a ""Path of Thorns,"" a place where Mushi flow from their own strange sources into the world of the living. Rare and deadly varieties of Mushi lurk in these depths, along with the secret nature of the Minai clan's resolve to their ancient task.

[Written by MAL Rewrite]"
Re:Zero kara Hajimeru Isekai Seikatsu 3rd Season,8.43,"Oct 2, 2024 to Mar 26, 2025","['Drama', 'Fantasy', 'Suspense']",Light novel,TV,16,R - 17+ (violence & profanity),#204,#524,"493,004","6,496",https://myanimelist.net/images/anime/1706/144725.jpg,"One year after the events at the Sanctuary, Subaru Natsuki trains hard to better face future challenges. The peaceful days come to an end when Emilia receives an invitation to a meeting in the Watergate City of Priestella from none other than Anastasia Hoshin, one of her rivals in the royal selection. Considering the meeting's significance and the potential dangers Emilia could face, Subaru and his friends accompany her.

However, as Subaru reconnects with old associates and companions in Priestella, new formidable foes emerge. Driven by fanatical motivations and engaging in ruthless methods to achieve their ambitions, the new enemy targets Emilia and threaten the very existence of the city. Rallying his allies, Subaru must give his all once more to stop their nefarious goals from becoming a concrete reality.

[Written by MAL Rewrite]"
Bungou Stray Dogs 4th Season,8.42,"Jan 4, 2023 to Mar 29, 2023","['Action', 'Mystery']",Manga,TV,13,R - 17+ (violence & profanity),#205,#761,"357,901","3,421",https://myanimelist.net/images/anime/1263/132759.jpg,"No longer concerned with military affairs, Yukichi Fukuzawa intends to act as a lone bodyguard-for-hire, making use of his deadly swordsmanship. However, things are not going as planned for his freelance business, and that is when he crosses paths with a mouthy boy named Ranpo Edogawa. While their initial interactions are intertwined with a bizarre murder mystery, the aftermath prompts the formation of the Armed Detective Agency.

Presently, Ranpo finds himself chasing down a gifted individual with the dangerous ability to execute the perfect crime. But as the great detective unravels the case, he soon discovers an elaborate plot to obliterate the Agency in its entirety.

Although forewarned of the trap, the Agency continue their pursuit of the criminals, only to end up framed for the crime themselves. Now branded as wanted terrorists, the remaining members must find a way to prove their innocence—even if they must turn to sworn enemies for assistance.

[Written by MAL Rewrite]"
Dandadan,8.42,"Oct 4, 2024 to Dec 20, 2024","['Action', 'Comedy', 'Supernatural']",Manga,TV,12,R - 17+ (violence & profanity),#206,#204,"957,800","15,502",https://myanimelist.net/images/anime/1584/143719.jpg,"Reeling from her recent breakup, Momo Ayase, a popular high schooler, shows kindness to her socially awkward schoolmate, Ken Takakura, by standing up to his bullies. Takakura misunderstands her intentions, believing he has made a new friend who shares his obsession with aliens and UFOs. However, Momo's own eccentric occult beliefs lie in the supernatural realm; she thinks aliens do not exist. A rivalry quickly brews as each becomes determined to prove the other wrong.

Despite their initial clash over their opposing beliefs, Momo and Takakura form an unexpected but intimate friendship, a bond forged in a series of supernatural battles and bizarre encounters with urban legends and paranormal entities. As both develop unique superhuman abilities, they learn to supplement each other's weaknesses, leading them to wonder if their newfound partnership may be about more than just survival.

[Written by MAL Rewrite]"
Gintama: Yorinuki Gintama-san on Theater 2D,8.42,"Aug 26, 2012","['Action', 'Comedy', 'Sci-Fi']",Manga,Movie,2,PG-13 - Teens 13 or older,#207,#3636,"48,722",45,https://myanimelist.net/images/anime/1172/90571.jpg,"Demonic Vice-Commander of the Shinsengumi, Toushirou Hijikata, acquires a cursed sword—one which completely rewrites his personality, morphing him from a hard-boiled, no-nonsense cop into a hopeless otaku. As he struggles to break the curse, an ambitious new member of the police force, Itou Kamotarou, seizes the opportunity to depose Hijikata in his bid for power within the organization. However, Itou's scheme is revealed to be more devious than anyone imagined, and the very existence of the Shinsengumi is thrown into peril.

In another time and place, the Yorozuya squad is suddenly greeted by a potential new recruit. Before them is a mysterious young woman named Pirako Doromizu who hides a penchant for extreme violence behind her smiling, enthusiastic exterior. However, unbeknownst to Gintoki and the others, Pirako has strong ties to one of the ruling figures of the Kabuki district of Edo, and her arrival sets off a chain reaction that throws the inhabitants of the district into a civil war.

[Written by MAL Rewrite]"
Kono Oto Tomare! Part 2,8.42,"Oct 6, 2019 to Dec 29, 2019",['Drama'],Manga,TV,13,PG-13 - Teens 13 or older,#208,#1374,"202,471","1,853",https://myanimelist.net/images/anime/1422/111621.jpg,"The Tokise High School Koto Club has courageously pushed through their fractured and unsynchronized performance at the Kanto Region Traditional Japanese Music Festival. Club members Chika Kudou, Satowa Houzuki, Takezou Kurata, Hiro Kurusu, Kouta Mizuhara, Saneyasu Adachi, and Michitaka Sakai are devastated to learn the negative results of their performance, leaving them crushed. Nonetheless, the group recognizes their potential and enthusiastically agree to collectively sharpen their skills, improve their flaws, and develop higher caliber playing to succeed in the upcoming national qualifiers in winter.

With the help of their now willing club advisor Suzuka Takinami, the group's goal gradually becomes achievable as they begin to grasp the foundations of good music and refine their koto-playing abilities, with the suggestion of performing more often to gain what they lack most—experience.

However, as their journey to nationals is underway, the koto club members face challenges that obstruct their focus and progress. Not only does the threat of other powerhouse schools and musicians remain, but the high school issues of budding romance and soon-to-be-graduating seniors also begin to push the limits of the determined group of teenagers and the future of the koto club.

[Written by MAL Rewrite]"
Koukaku Kidoutai: Stand Alone Complex,8.42,"Oct 1, 2002 to Oct 1, 2003","['Award Winning', 'Mystery', 'Sci-Fi']",Manga,TV,26,R - 17+ (violence & profanity),#209,#636,"423,670","8,997",https://myanimelist.net/images/anime/11/50857.jpg,"In the not so distant future, mankind has advanced to a state where complete body transplants from flesh to machine is possible. This allows for great increases in both physical and cybernetic prowess and blurring the lines between the two worlds. However, criminals can also make full use of such technology, leading to new and sometimes, very dangerous crimes. In response to such innovative new methods, the Japanese Government has established Section 9, an independently operating police unit which deals with such highly sensitive crimes.

Led by Daisuke Aramaki and Motoko Kusanagi, Section 9 deals with such crimes over the entire social spectrum, usually with success. However, when faced with a new A level hacker nicknamed ""The Laughing Man,"" the team is thrown into a dangerous cat and mouse game, following the hacker's trail as it leaves its mark on Japan.

[Written by MAL Rewrite]"
Natsume Yuujinchou Movie: Utsusemi ni Musubu,8.42,"Sep 29, 2018","['Slice of Life', 'Supernatural']",Manga,Movie,1,PG-13 - Teens 13 or older,#210,#2666,"83,892",228,https://myanimelist.net/images/anime/1250/94846.jpg,"Takashi Natsume and his spirit companion Madara, nicknamed ""Nyanko,"" continue returning the names of spirits from the Book of Friends given by his late grandmother Reiko Natsume.

On his way back from school one day, Takashi encounters a lurking spirit named Monmonbou, who recalls memories of Takashi's grandmother after hearing his name. Takashi's natural curiosity leads him to explore a mysterious town where his grandmother used to live. Befriending her old acquaintance Yorie Tsumura and Yorie's son Mukuo, Takashi unveils more of his grandmother's past.

In the meantime, Nyanko detours for food and stumbles upon a suspicious ""Spirit Seed,"" which miraculously sprouts into a fruit tree overnight. Giving in to temptation, Nyanko consumes the fruit, splitting him into three. Seeking a solution to Nyanko's predicament, Takashi and his friends lend a hand, unexpectedly uncovering more secrets the town holds in the process.

[Written by MAL Rewrite]"
Code Geass: Hangyaku no Lelouch R2,8.92,"Apr 6, 2008 to Sep 28, 2008","['Award Winning', 'Drama', 'Sci-Fi']",Original,TV,25,R - 17+ (violence & profanity),#22,#49,"1,948,153","81,073",https://myanimelist.net/images/anime/1088/135089.jpg,"One year has passed since the Black Rebellion, a failed uprising against the Holy Britannian Empire led by the masked vigilante Zero, who is now missing. At a loss without their revolutionary leader, Area 11's resistance group—the Black Knights—find themselves too powerless to combat the brutality inflicted upon the Elevens by Britannia, which has increased significantly in order to crush any hope of a future revolt. 

Lelouch Lamperouge, having lost all memory of his double life, is living peacefully alongside his friends as a high school student at Ashford Academy. His former partner C.C., unable to accept this turn of events, takes it upon herself to remind him of his past purpose, hoping that the mastermind Zero will rise once again to finish what he started.

[Written by MAL Rewrite]"
Re:Zero kara Hajimeru Isekai Seikatsu 2nd Season Part 2,8.42,"Jan 6, 2021 to Mar 24, 2021","['Drama', 'Fantasy', 'Suspense']",Light novel,TV,12,R - 17+ (violence & profanity),#211,#173,"1,062,983","13,354",https://myanimelist.net/images/anime/1724/117421.jpg,"After a stern yet compelling speech by Otto Suwen, Subaru Natsuki solemnly swears that he will successfully make it through this timeline and save everyone he can along the way. The first step toward achieving this goal is to help Emilia work through her past; however, that is easier said than done. Feeling as if she has been lied to by everyone around her, it will be difficult for Emilia to trust anyone, even Subaru, her self-proclaimed knight.

Re:Zero kara Hajimeru Isekai Seikatsu 2nd Season Part 2 presents the culmination of Subaru's experiences with the Sanctuary and its people, along with his unwillingness to give up hope on saving them.

[Written by MAL Rewrite]"
Saenai Heroine no Sodatekata Fine,8.42,"Oct 26, 2019","['Comedy', 'Romance']",Light novel,Movie,1,PG-13 - Teens 13 or older,#212,#1358,"204,596","2,786",https://myanimelist.net/images/anime/1671/111411.jpg,"With the second Winter Comiket just around the corner, Blessing Software has been vigorously producing its new game, ""How to Raise a Boring Girlfriend."" Despite Utaha Kasumigaoka and Eriri Spencer Sawamura leaving the circle, Megumi Katou and Tomoya Aki are hopeful that, by sticking to Tomoya's original vision for the game, their upcoming creation will exceed Blessing Software's previous installment.

With the addition of new members Iori and Izumi Hashima, development ensues—but not without its share of setbacks. Things rarely go as planned in the dating sim industry, with numerous obstacles forcing Tomoya to decide between helping his friends or completing the game. 

Saenai Heroine no Sodatekata Fine draws the series to a close as Tomoya selects his final route, both within his personal life and Blessing Software.

[Written by MAL Rewrite]"
Shingeki no Kyojin: Kuinaki Sentaku,8.42,"Dec 9, 2014 to Apr 9, 2015",['Action'],Visual novel,OVA,2,R - 17+ (violence & profanity),#213,#440,"563,074","2,032",https://myanimelist.net/images/anime/8/69497.jpg,"Many years before becoming the famed captain of the Survey Corps, a young Levi struggles to survive in the capital's garbage dump, the Underground. As the boss of his own criminal operation, Levi attempts to get by with meager earnings while aided by fellow criminals, Isabel Magnolia and Farlan Church. With little hope for the future, Levi accepts a deal from the anti-expedition faction leader Nicholas Lobov, who promises the trio citizenship aboveground if they are able to successfully assassinate Erwin Smith, a squad leader of the Survey Corps.

As Levi and Erwin cross paths, Erwin acknowledges Levi's agility and skill and gives him the option to either become part of the expedition team, or be turned over to the Military Police, to atone for his crimes. Now closer to the man they are tasked to kill, the group plans to complete their mission and save themselves from a grim demise in the dim recesses of their past home. However, they are about to learn that the surface world is not as liberating as they had thought and that sometimes, freedom can come at a heavy price.

Based on the popular spin-off manga of the same name, Shingeki no Kyojin: Kuinaki Sentaku illustrates the encounter between two of Shingeki no Kyojin's pivotal characters, as well as the events of the 23rd expedition beyond the walls.

[Written by MAL Rewrite]"
Spy x Family,8.42,"Apr 9, 2022 to Jun 25, 2022","['Action', 'Award Winning', 'Comedy']",Manga,TV,12,PG-13 - Teens 13 or older,#214,#56,"1,879,009","41,258",https://myanimelist.net/images/anime/1441/122795.jpg,"Corrupt politicians, frenzied nationalists, and other warmongering forces constantly jeopardize the thin veneer of peace between neighboring countries Ostania and Westalis. In spite of their plots, renowned spy and master of disguise ""Twilight"" fulfills dangerous missions one after another in the hope that no child will have to experience the horrors of war.

In the bustling Ostanian city of Berlint, Twilight dons the alias of ""Loid Forger,"" an esteemed psychiatrist. However, his true intention is to gather intelligence on prominent politician Donovan Desmond, who only appears rarely in public at his sons' school: the prestigious Eden Academy. Enlisting the help of unmarried city hall clerk Yor Briar to act as his wife and adopting the curious six-year-old orphan Anya as his daughter, Loid enacts his master plan. He will enroll Anya in Eden Academy, where Loid hopes she will excel and give him the opportunity to meet Donovan without arousing suspicion. 

Unfortunately for Loid, even a man of his talents has trouble playing the figure of a loving father and husband. And just like Loid is hiding his true identity, Yor—who is an underground assassin known as ""Thorn Princess""—and Anya—an esper who can read people's minds—have no plans to disclose their own secrets either. Although this picture-perfect family is founded on deception, the Forgers gradually come to understand that the love they share for one another trumps all else.

[Written by MAL Rewrite]"
Violet Evergarden Gaiden: Eien to Jidou Shuki Ningyou,8.42,"Sep 6, 2019",['Drama'],Light novel,Movie,1,PG-13 - Teens 13 or older,#215,#539,"480,732","1,735",https://myanimelist.net/images/anime/1667/112943.jpg,"Isabella, the daughter of the noble York family, is enrolled in an all-girls academy to be groomed into a dame worthy of nobility. However, she has given up on her future, seeing the prestigious school as nothing more than a prison from the outside world. Her family notices her struggling in her lessons and decides to hire Violet Evergarden to personally tutor her under the guise of a handmaiden. 

At first, Isabella treats Violet coldly. Violet seems to be able to do everything perfectly, leading Isabella to assume that she was born with a silver spoon. After some time together, Isabella begins to realize that Violet has had her own struggles and starts to open up to her. Isabella soon reveals that she has lost contact with her beloved younger sister, Taylor Bartlett, whom she yearns to see again. 

Having experienced the power of words through her past clientele, Violet asks if Isabella wishes to write a letter to Taylor. Will Violet be able to help Isabella convey her feelings to her long-lost sister?

[Written by MAL Rewrite]"
Dandadan 2nd Season,8.41,"Jul 4, 2025 to Sep 19, 2025","['Action', 'Comedy', 'Supernatural']",Manga,TV,12,R - 17+ (violence & profanity),#216,#465,"538,128","3,752",https://myanimelist.net/images/anime/1721/149001.jpg,"While the mission to exorcise Jin ""Jiji"" Enjouji's family home is underway, things are not going as expected. Momo Ayase narrowly evades an attempted abduction while Ken ""Okarun"" Takakura and Jiji are ambushed by the Kitou family—the unsettling landlords of the cursed estate. The trio's efforts threaten the foundation of this enigmatic town shrouded in legends and mysteries.

As Momo, Okarun, and Jiji are drawn deeper into the maze of folklore and supernatural entities, they must each utilize their unique powers if they want to survive and unravel the secrets of the uncanny town.

[Written by MAL Rewrite]"
Golden Kamuy: Saishuushou,8.41,"Jan 5, 2026 to Mar 30, 2026","['Action', 'Adventure']",Manga,TV,13,R - 17+ (violence & profanity),#217,#3345,"56,488",162,https://myanimelist.net/images/anime/1288/154763.jpg,"Ex-convict Keiji Ueji appears in Sapporo, causing all the different factions to travel to the city in hopes of obtaining part of the map to the Ainu gold that is tattooed on his skin. At the same time, a figure who appears to be a copycat of Jack the Ripper terrorizes the streets of Sapporo. Saichi Sugimoto, Asirpa, and Yoshitake Shiraishi—joined by Fusatarou ""Boutarou the Pirate"" Oosawa and Vasily Pavlichenko—temporarily ally themselves with Toshizou Hijikata, as his faction's motives are somewhat less disturbing than those of Seventh Division's First Lieutenant Tokushirou Tsurumi.

Asirpa attempts to collect all the information needed to tell apart the fake skins from the real ones, but she cannot decipher the map with certainty. Sugimoto swears never to part with Asirpa again, but the commotion around the serial killer allows for new betrayals and Tsurumi's plan for capturing Asirpa to advance. As the hunt for the gold nears its conclusion, the future of the Ainu rests in the hands of those who claim it first.

[Written by MAL Rewrite]"
Kamisama Hajimemashita: Kako-hen,8.41,"Aug 20, 2015 to Aug 19, 2016","['Comedy', 'Romance', 'Supernatural']",Manga,OVA,4,PG-13 - Teens 13 or older,#218,#1487,"184,885","1,121",https://myanimelist.net/images/anime/3/81250.jpg,"While playing in the snow one day at her shrine, the land god Nanami Momozono witnesses her familiar—the fox youkai Tomoe—collapse, with dark markings appearing on his body. Tomoe's former master, Lord Mikage, appears after his long absence and places Tomoe into a magical pocket mirror in order to stave off his ailment.

Mikage explains that long ago, before he and Tomoe had met, the fox youkai was in love with a human woman. Seeking to live as a human with his beloved, he made a deal with a fallen god, but he only ended up cursed and dying. When Mikage discovered Tomoe, the god made the youkai forget his human love as a quick solution. However, something has changed recently to reactivate the curse; Tomoe has fallen in love with his new human master, Nanami. Since there is no way to stop the curse, Nanami wants to stop Tomoe from getting cursed in the first place by traveling back through time, even if it means they may never meet. As Nanami travels back hundreds of years to save her precious familiar, she discovers that she is far more closely bonded to Tomoe than she previously thought.

[Written by MAL Rewrite]"
Karakai Jouzu no Takagi-san Movie,8.41,"Jun 10, 2022",['Romance'],Manga,Movie,1,PG-13 - Teens 13 or older,#219,#2457,"95,294",771,https://myanimelist.net/images/anime/1376/123398.jpg,"Takagi and Nishikata's final summer in junior high is about to begin, and it's already off to a heartwarming start! When the pair find an abandoned kitten, they decide to work together and take care of their adorable new companion until they can locate its missing mother.

(Source: Sentai Filmworks)"
Kimetsu no Yaiba,8.41,"Apr 6, 2019 to Sep 28, 2019","['Action', 'Award Winning', 'Supernatural']",Manga,TV,26,R - 17+ (violence & profanity),#220,#5,"3,432,064","94,986",https://myanimelist.net/images/anime/1286/99889.jpg,"Ever since the death of his father, the burden of supporting the family has fallen upon Tanjirou Kamado's shoulders. Though living impoverished on a remote mountain, the Kamado family are able to enjoy a relatively peaceful and happy life. One day, Tanjirou decides to go down to the local village to make a little money selling charcoal. On his way back, night falls, forcing Tanjirou to take shelter in the house of a strange man, who warns him of the existence of flesh-eating demons that lurk in the woods at night.

When he finally arrives back home the next day, he is met with a horrifying sight—his whole family has been slaughtered. Worse still, the sole survivor is his sister Nezuko, who has been turned into a bloodthirsty demon. Consumed by rage and hatred, Tanjirou swears to avenge his family and stay by his only remaining sibling. Alongside the mysterious group calling themselves the Demon Slayer Corps, Tanjirou will do whatever it takes to slay the demons and protect the remnants of his beloved sister's humanity.

[Written by MAL Rewrite]"
Kusuriya no Hitorigoto 2nd Season,8.91,"Jan 10, 2025 to Jul 4, 2025","['Drama', 'Mystery']",Light novel,TV,24,PG-13 - Teens 13 or older,#23,#527,"491,098","7,604",https://myanimelist.net/images/anime/1025/147458.jpg,"Using her wit and vast knowledge of medicines and poisons alike, Maomao played a pivotal role in solving a series of mysteries and conspiracies that plagued the imperial court. Having recently come to terms with the secrets of her parents, she returns to fulfill her normal duties on behalf of the emperor's highest-ranking consorts. Maomao also works alongside the eunuch Jinshi to better the consorts' many ladies-in-waiting, including helping them learn to read.

However, with the arrival of a merchant caravan comes a new wave of intrigue. A pattern of strange coincidences involving the visitors and their wares unsettles Maomao, driving her to investigate the puzzling circumstances behind the convoy. As dangers from both outside and within threaten the balance between the imperial concubines, Maomao continues to utilize her cunning and medical expertise to keep the women safe from harm.

[Written by MAL Rewrite]"
Mononoke,8.41,"Jul 13, 2007 to Sep 28, 2007","['Horror', 'Mystery', 'Supernatural', 'Suspense']",Original,TV,12,R - 17+ (violence & profanity),#221,#747,"366,422","9,251",https://myanimelist.net/images/anime/3/20713.jpg,"The ""Medicine Seller"" is a deadly and mysterious master of the occult who travels across feudal Japan in search of malevolent spirits called ""mononoke"" to slay. When he locates one of these spirits, he cannot simply kill it; he must first learn its Form, its Truth, and its Reason in order to wield the mighty Exorcism Sword and fight against it. He must begin  his strange exorcisms with intense psychological analysis and careful investigative work—an extremely dangerous step, as he must first confront and learn about the mononoke before he even has the means to defeat it.

The Medicine Seller's journey leads him to an old-fashioned inn where Shino, a pregnant woman, has finally found a place to rest. The owner has reluctantly placed her in the last vacant room; however, as she settles in, it quickly becomes clear that the room is infested by a lethal band of mononoke, the Zashiki Warashi. With his hunter's intuition, the Medicine Seller begins his investigation to discover the Form, the Truth, and the Reason before the Zashiki Warashi can kill again.

[Written by MAL Rewrite]"
Natsume Yuujinchou Roku Specials,8.41,"Sep 27, 2017 to Oct 25, 2017","['Slice of Life', 'Supernatural']",Manga,Special,2,PG-13 - Teens 13 or older,#222,#3441,"53,948",81,https://myanimelist.net/images/anime/10/87615.jpg,"Suzunaru no Kirikabu 
On a hot summer day, Takashi Natsume and his feline companion Madara take a walk to buy jelly. Suddenly a truck passes the two, running over an old, masked man who asks Natsume for help. The mysterious individual turns out to be a youkai, the spirit of the Suzunaru tree that was recently hit by lightning and cut down. As the tree withers away, the youkai requests Natsume to fulfill his one final wish: to bring him water every day until he draws his last breath.

Mugen no Kakera 
Tamami, a young schoolgirl, counts her steps through a forest, following instructions on a piece of paper. She stops to take a break and falls asleep but is awakened by an odd talking cat. Through meeting the cat and his human partner, Natsume, she learns that the forest has its own separate world from the contemporary, where one can see things otherwise invisible. Putting her trust in the duo, Tamami tells them about the story of how she helped a white owl that reappeared in her dreams to lead her back inside the bizarre forest.

[Written by MAL Rewrite]"
Saiki Kusuo no Ψ-nan,8.41,"Jul 4, 2016 to Dec 26, 2016",['Comedy'],Manga,TV,120,PG-13 - Teens 13 or older,#223,#131,"1,247,558","33,786",https://myanimelist.net/images/anime/1973/142750.jpg,"To the average person, psychic abilities might seem a blessing; for Kusuo Saiki, however, this could not be further from the truth. Gifted with a wide assortment of supernatural abilities ranging from telepathy to x-ray vision, he finds this so-called blessing to be nothing but a curse. As all the inconveniences his powers cause constantly pile up, all Kusuo aims for is an ordinary, hassle-free life—a life where ignorance is bliss.

Unfortunately, the life of a psychic is far from quiet. Though Kusuo tries to stay out of the spotlight by keeping his powers a secret from his classmates, he ends up inadvertently attracting the attention of many odd characters, such as the empty-headed Riki Nendou and the delusional Shun Kaidou. Forced to deal with the craziness of the people around him, Kusuo comes to learn that the ordinary life he has been striving for is a lot more difficult to achieve than expected.

[Written by MAL Rewrite]"
Saiki Kusuo no Ψ-nan 2,8.41,"Jan 17, 2018 to Jun 27, 2018",['Comedy'],Manga,TV,24,PG-13 - Teens 13 or older,#224,#326,"719,227","4,459",https://myanimelist.net/images/anime/1961/91383.jpg,"The disastrous life of the gifted psychic Kusuo Saiki continues, despite his utmost effort to live an ordinary life. Although he has certainly grown accustomed to dealing with his troublesome friends—who are his biggest hurdle to achieving a peaceful life—he still has a long way to go. Also joining the usual oddballs are a few new faces whose shenanigans add to Saiki's misery, making his dreams of a hassle-free life a distant fantasy.

[Written by MAL Rewrite]"
3-gatsu no Lion 2nd Season,8.90,"Oct 14, 2017 to Mar 31, 2018",['Drama'],Manga,TV,22,PG-13 - Teens 13 or older,#24,#611,"437,712","15,393",https://myanimelist.net/images/anime/3/88469.jpg,"Now in his second year of high school, Rei Kiriyama continues pushing through his struggles in the professional shogi world as well as his personal life. Surrounded by vibrant personalities at the shogi hall, the school club, and in the local community, his solitary shell slowly begins to crack. Among them are the three Kawamoto sisters—Akari, Hinata, and Momo—who forge an affectionate and familial bond with Rei. Through these ties, he realizes that everyone is burdened by their own emotional hardships and begins learning how to rely on others while supporting them in return. 

Nonetheless, the life of a professional is not easy. Between tournaments, championships, and title matches, the pressure mounts as Rei advances through the ranks and encounters incredibly skilled opponents. As he manages his relationships with those who have grown close to him, the shogi player continues to search for the reason he plays the game that defines his career.

[Written by MAL Rewrite]"
Gintama Movie 2: Kanketsu-hen - Yorozuya yo Eien Nare,8.89,"Jul 6, 2013","['Action', 'Comedy', 'Sci-Fi']",Manga,Movie,1,PG-13 - Teens 13 or older,#25,#1071,"262,178","2,155",https://myanimelist.net/images/anime/10/51723.jpg,"When Gintoki apprehends a movie pirate at a premiere, he checks the camera's footage and finds himself transported to a bleak, post-apocalyptic version of Edo, where a mysterious epidemic called the ""White Plague"" has ravished the world's population. It turns out that the movie pirate wasn't a pirate after all—it was an android time machine, and Gintoki has been hurtled five years into the future! Shinpachi and Kagura, his Yorozuya cohorts, have had a falling out and are now battle-hardened solo vigilantes and he himself has been missing for years, disappearing without a trace after scribbling a strange message in his journal.

Setting out in the disguise given to him by the android time machine, Gintoki haphazardly reunites the Yorozuya team to investigate the White Plague, and soon discovers that the key to saving the future lies in the darkness of his own past. Determined to confront a powerful foe, he makes an important discovery—with a ragtag band of friends and allies at his side, he doesn't have to fight alone.

[Written by MAL Rewrite]"
Monster,8.89,"Apr 7, 2004 to Sep 28, 2005","['Drama', 'Mystery', 'Suspense']",Manga,TV,74,R+ - Mild Nudity,#26,#118,"1,320,720","61,706",https://myanimelist.net/images/anime/10/18793.jpg,"Dr. Kenzou Tenma, an elite neurosurgeon recently engaged to his hospital director's daughter, is well on his way to ascending the hospital hierarchy. That is until one night, a seemingly small event changes Dr. Tenma's life forever. While preparing to perform surgery on someone, he gets a call from the hospital director telling him to switch patients and instead perform life-saving brain surgery on a famous performer. His fellow doctors, fiancée, and the hospital director applaud his accomplishment; but because of the switch, a poor immigrant worker is dead, causing Dr. Tenma to have a crisis of conscience.

So when a similar situation arises, Dr. Tenma stands his ground and chooses to perform surgery on the young boy Johan Liebert instead of the town's mayor. Unfortunately, this choice leads to serious ramifications for Dr. Tenma—losing his social standing being one of them. However, with the mysterious death of the director and two other doctors, Dr. Tenma's position is restored. With no evidence to convict him, he is released and goes on to attain the position of hospital director. 

Nine years later when Dr. Tenma saves the life of a criminal, his past comes back to haunt him—once again, he comes face to face with the monster he operated on. He must now embark on a quest of pursuit to make amends for the havoc spread by the one he saved.

[Written by MAL Rewrite]"
Gintama. Shirogane no Tamashii-hen - Kouhan-sen,8.88,"Jul 9, 2018 to Oct 8, 2018","['Action', 'Comedy', 'Sci-Fi']",Manga,TV,14,PG-13 - Teens 13 or older,#27,#1243,"225,637","1,096",https://myanimelist.net/images/anime/1776/96566.jpg,"Following the temporary retreat of the Altana Liberation Army from the Kabuki District, the state of the war has seemingly improved. However, as the Oniwaban, Shinsengumi, and residents of the district combat the army's remnants, Edo's greatest inventor Gengai Hiraga is abducted. Responsible for causing the enemy's withdrawal by rendering their weapons useless, Gengai's nanomachine virus is now at risk of being shut down.

Meanwhile, a laser capable of obliterating a planet is activated in Earth's orbit on the Liberation Army's mother ship. Another battle ensues when Shinsuke Takasugi and the rest of the Kiheitai arrive on the vessel to stop the weapon from firing. Forced to fight a war on two fronts, the Yorozuya and their allies must prevail on both sides to save Edo and the rest of the world.

[Written by MAL Rewrite]"
Owarimonogatari 2nd Season,8.86,"Aug 12, 2017 to Aug 13, 2017","['Comedy', 'Mystery', 'Supernatural']",Light novel,TV Special,7,R - 17+ (violence & profanity),#28,#614,"436,328","9,138",https://myanimelist.net/images/anime/6/87322.jpg,"Following an encounter with oddity specialist Izuko Gaen, third-year high school student Koyomi Araragi wakes up in a strange, deserted void only to be greeted by a joyfully familiar face in an alarmingly unfamiliar place.  

Araragi, with the help of his girlfriend Hitagi Senjougahara, maneuvers through the webs of his past and the perplexities of the present in search of answers. However, fate once again delivers him to the eccentric transfer student Ougi Oshino, who brings forth an unexpected proposal that may unearth the very foundation to which he is anchored. As Araragi peels back the layers of mystery surrounding an apparition, he discovers a truth not meant to be revealed.

[Written by MAL Rewrite]"
Shingeki no Kyojin: The Final Season - Kanketsu-hen,8.86,"Mar 4, 2023 to Nov 5, 2023","['Action', 'Drama', 'Suspense']",Manga,TV Special,2,R - 17+ (violence & profanity),#29,#250,"858,331","17,304",https://myanimelist.net/images/anime/1279/131078.jpg,"In the wake of Eren Yeager's cataclysmic actions, his friends and former enemies form an alliance against his genocidal rampage. Though once bitter foes, Armin Arlert, Mikasa Ackerman, and the remaining members of the Scout Regiment join forces with Reiner Braun and the survivors of the Marleyan military. Their meager united front sets out on a mission to stop Eren's wrath and—if possible—save their old comrade in the process.

As Eren pushes forward at any cost, he battles his own internal turmoil. Although he feels immense remorse over his horrific invasion, Eren believes he harbors noble intentions: he believes the path ahead is the only way to save his friends and, to a greater extent, his people.

The opposing battalions spiral toward an inevitable final clash that may claim the lives of millions. Though they face an army of monsters beyond anything they could have previously imagined, Mikasa, Armin, and their allies stand brave in the face of certain doom.

[Written by MAL Rewrite]"
Kusuriya no Hitorigoto,8.85,"Oct 22, 2023 to Mar 24, 2024","['Drama', 'Mystery']",Light novel,TV,24,PG-13 - Teens 13 or older,#30,#270,"825,296","27,775",https://myanimelist.net/images/anime/1708/138033.jpg,"Maomao, an apothecary's daughter, has been plucked from her peaceful life and sold to the lowest echelons of the imperial court. Now merely a maid, Maomao settles into her new mundane life and hides her extensive knowledge of medicine in order to avoid any unwanted attention.

Not long after Maomao's arrival, the emperor's infant children inexplicably begin to experience grave symptoms—almost as if a curse has been cast. The curious Maomao easily solves the mystery and, to remain out of the limelight, attempts to leave an anonymous tip. Unfortunately, the dashing and perceptive eunuch Jinshi sees through it and manages to single her out.

In recognition of her talent, Maomao is promoted to lady-in-waiting for the emperor's favorite concubine, Gyokuyou. As Maomao continues to remedy the numerous ailments afflicting the imperial court, her pharmaceutical expertise quickly proves indispensable.

[Written by MAL Rewrite]"
Chainsaw Man Movie: Reze-hen,9.08,"Sep 19, 2025","['Action', 'Fantasy']",Manga,Movie,1,R - 17+ (violence & profanity),#4,#588,"450,913","12,971",https://myanimelist.net/images/anime/1763/150638.jpg,"Despite the immediate challenges following becoming a devil hunter with the Public Safety Bureau, Denji has quickly adapted to his new life and responsibilities. As the chaos of Denji's first ordeal with Public Safety settles down, the elite devil hunter Makima decides to take Denji out on a date. Although the date strengthens his affection for Makima and he swears to not fall in love with anyone else, Denji soon finds himself in a tricky situation when he meets a seemingly innocent cafe worker named Reze.

With her forward and flirty demeanor, Reze immediately captures Denji's heart, driving him to frequent the cafe where she works and deepen his relationship with her. However, Denji is completely oblivious to the fact that meeting Reze might have grave consequences beyond simply deciding which woman his heart belongs to. 

[Written by MAL Rewrite]"
Kingdom 3rd Season,8.84,"Apr 6, 2020 to Oct 17, 2021",['Action'],Manga,TV,26,R - 17+ (violence & profanity),#31,#1951,"133,176","2,776",https://myanimelist.net/images/anime/1443/111830.jpg,"Following the successful Sanyou campaign, the Qin army, including 1,000-Man Commander Xin, inches ever closer to fulfilling King Ying Zheng's dream of unifying China. With a major geographical foothold in the state of Wei now under its control, Qin sets its sights eastward toward the remaining warring states.

Meanwhile Li Mu—an unparalleled strategist and the newly appointed prime minister of the state of Zhao—has taken advantage of Zhao's temporary truce with Qin to negotiate with the other states without interruption. Seemingly without warning, Ying Zheng receives news that armies from the states of Chu, Zhao, Wei, Han, Yan, and Qi have crossed into Qin territory. Realizing too late the purpose behind Li Mu's truce with Qin, Zheng quickly gathers his advisors to devise a plan to address the six-state coalition army on their doorstep. For the first time in history, the state of Qin faces complete destruction and must use every resource and strategy at their disposal to prevent themselves from being wiped off the map.

[Written by MAL Rewrite]"
Shingeki no Kyojin Movie: Kanketsu-hen - The Last Attack,8.83,"Nov 8, 2024","['Action', 'Drama', 'Suspense']",Manga,Movie,1,R - 17+ (violence & profanity),#32,#2633,"85,662",622,https://myanimelist.net/images/anime/1379/145452.jpg,A compilation movie for Shingeki no Kyojin: The Final Season - Kanketsu-hen.
Violet Evergarden Movie,8.83,"Sep 18, 2020","['Award Winning', 'Drama']",Light novel,Movie,1,PG-13 - Teens 13 or older,#33,#323,"724,792","9,773",https://myanimelist.net/images/anime/1825/110716.jpg,"Several years have passed since the end of The Great War. As the radio tower in Leidenschaftlich continues to be built, telephones will soon become more relevant, leading to a decline in demand for ""Auto Memory Dolls."" Even so, Violet Evergarden continues to rise in fame after her constant success with writing letters. However, sometimes the one thing you long for is the one thing that does not appear.

Violet Evergarden Movie follows Violet as she continues to comprehend the concept of emotion and the meaning of love. At the same time, she pursues a glimmer of hope that the man who once told her, ""I love you,"" may still be alive even after the many years that have passed.

[Written by MAL Rewrite]"
Kimi no Na wa.,8.82,"Aug 26, 2016","['Award Winning', 'Drama']",Original,Movie,1,PG-13 - Teens 13 or older,#34,#11,"3,015,595","95,241",https://myanimelist.net/images/anime/5/87048.jpg,"Mitsuha Miyamizu, a high school girl, yearns to live the life of a boy in the bustling city of Tokyo—a dream that stands in stark contrast to her present life in the countryside. Meanwhile in the city, Taki Tachibana lives a busy life as a high school student while juggling his part-time job and hopes for a future in architecture.

One day, Mitsuha awakens in a room that is not her own and suddenly finds herself living the dream life in Tokyo—but in Taki's body! Elsewhere, Taki finds himself living Mitsuha's life in the humble countryside. In pursuit of an answer to this strange phenomenon, they begin to search for one another.

Kimi no Na wa. revolves around Mitsuha and Taki's actions, which begin to have a dramatic impact on each other's lives, weaving them into a fabric held together by fate and circumstance.

[Written by MAL Rewrite]"
Vinland Saga Season 2,8.82,"Jan 10, 2023 to Jun 20, 2023","['Action', 'Adventure', 'Drama']",Manga,TV,24,R - 17+ (violence & profanity),#35,#258,"847,030","20,381",https://myanimelist.net/images/anime/1170/124312.jpg,"After his father's death and the destruction of his village at the hands of English raiders, Einar wishes for a peaceful life with his family on their newly rebuilt farms. However, fate has other plans: his village is invaded once again. Einar watches helplessly as the marauding Danes burn his lands and slaughter his family. The invaders capture Einar and take him back to Denmark as a slave. 

Einar clings to his mother's final words to survive. He is purchased by Ketil, a kind slave owner and landlord who promises that Einar can regain his freedom in return for working in the fields. Soon, Einar encounters his new partner in farm cultivation—Thorfinn, a dejected and melancholic slave. As Einar and Thorfinn work together toward their freedom, they are haunted by both sins of the past and the ploys of the present. Yet they carry on, grasping for a glimmer of hope, redemption, and peace in a world that is nothing but unjust and unforgiving.

[Written by MAL Rewrite]"
Gintama. Shirogane no Tamashii-hen,8.81,"Jan 8, 2018 to Mar 26, 2018","['Action', 'Comedy', 'Sci-Fi']",Manga,TV,12,PG-13 - Teens 13 or older,#36,#1189,"237,427","1,234",https://myanimelist.net/images/anime/12/89603.jpg,"After the fierce battle on Rakuyou, the untold past and true goal of the immortal Naraku leader, Utsuro, are finally revealed. By corrupting the Altana reserves of several planets, Utsuro has successfully triggered the intervention of the Tendoshuu’s greatest enemy: the Altana Liberation Army. With Earth as the main battleground in this interplanetary war, Utsuro's master plan to destroy the planet—and himself—is nearly complete. 

An attack on the O-Edo Central Terminal marks the beginning of the final battle to take back the land of the samurai. With the Yorozuya nowhere in sight, the bakufu all but collapsed, and the Shogun missing, the people are left completely helpless as the Liberation Army begins pillaging Edo in the name of freeing them from the Tendoshuu's rule. 

Caught in the crossfire between two equally imposing forces, can Gintoki, Kagura, Shinpachi, and the former students of Shouyou Yoshida put aside their differences and unite their allies to protect what they hold dear?

[Written by MAL Rewrite]"
Ashita no Joe 2,8.80,"Oct 13, 1980 to Aug 31, 1981","['Drama', 'Sports']",Manga,TV,47,PG-13 - Teens 13 or older,#37,#3026,"67,694","3,386",https://myanimelist.net/images/anime/3/45028.jpg,"Yabuki Joe is left downhearted and hopeless after a certain tragic event. In attempt to put the past behind him, Joe leaves the gym behind and begins wandering. On his travels he comes across the likes of Wolf Kanagushi and Goromaki Gondo, men who unintentionally fan the dying embers inside him, leading him to putting his wanderings to an end. His return home puts Joe back on the path to boxing, but unknown to himself and his trainer, he now suffers deep-set issues holding him back from fighting. In attempt to quell those issues, Carlos Rivera, a world renowned boxer is invited from Venezuela to help Joe recover."
Ikoku Nikki,8.79,"Jan 4, 2026 to Mar 29, 2026",['Drama'],Manga,TV,13,PG-13 - Teens 13 or older,#38,#2417,"97,797","1,481",https://myanimelist.net/images/anime/1791/154233.jpg,"Thirty-five-year-old novelist Makio Koudai never had a good relationship with her older sister Minori, who always berated her for being different. Due to this, Makio is not stricken with grief upon hearing the news that Minori and her husband died in a car crash. But when Makio is asked to identify their bodies, she runs into her 15-year-old niece, Asa Takumi, whom she has not seen in years.

As Asa struggles to process her parents' death, Makio reassures her that her complicated feelings are valid and suggests that the teenager start writing in a diary as a way to cope with the loss. Upon learning that no other relatives wanted to take in Asa, Makio decides to become her guardian despite her lack of experience. In a world full of uncertainty, the novelist and teenager must learn to live with each other while figuring themselves out.

[Written by MAL Rewrite]"
Shingeki no Kyojin: The Final Season,8.79,"Dec 7, 2020 to Mar 29, 2021","['Action', 'Drama', 'Suspense']",Manga,TV,16,R - 17+ (violence & profanity),#39,#30,"2,277,960","53,958",https://myanimelist.net/images/anime/1000/110531.jpg,"Gabi Braun and Falco Grice have been training their entire lives to inherit one of the seven Titans under Marley's control and aid their nation in eradicating the Eldians on Paradis. However, just as all seems well for the two cadets, their peace is suddenly shaken by the arrival of Eren Yeager and the remaining members of the Survey Corps.

Having finally reached the Yeager family basement and learned about the dark history surrounding the Titans, the Survey Corps has at long last found the answer they so desperately fought to uncover. With the truth now in their hands, the group set out for the world beyond the walls.

In Shingeki no Kyojin: The Final Season, two utterly different worlds collide as each party pursues its own agenda in the long-awaited conclusion to Paradis' fight for freedom.

[Written by MAL Rewrite]"
Hajime no Ippo,8.78,"Oct 4, 2000 to Mar 27, 2002",['Sports'],Manga,TV,75,PG-13 - Teens 13 or older,#40,#348,"691,103","25,143",https://myanimelist.net/images/anime/4/86334.jpg,"In his father's absence, teenager Ippo Makunouchi works hard to help his mother run her fishing boat rental business. Ippo's timid nature, his lack of sleep, and the sea smell make him an easy target for relentless bullies who leave him bruised and beaten on a daily basis. Mamoru Takamura, an up-and-coming boxer, rescues Ippo from a violent after-school incident and takes him back to the Kamogawa Boxing Gym for recovery. Takamura and his fellow boxers, Masaru Aoki and Tatsuya Kimura, are stunned by Ippo's powerful punches—a result of strong muscles developed through years serving his physically taxing family business. 

Following brief training under Takamura, Ippo impresses the other boxers in a practice match against prodigy Ichirou Miyata. He gains a rival in Miyata and a coach in Genji Kamogawa, the gym owner and a former boxer himself. As Ippo takes the first steps in his official boxing career, he faces off against a series of challenging opponents, each more powerful than the last. Victory, loss, and a cycle of dedicated training await Ippo on his journey to achieve greatness. With his tough body and unstoppable fighting spirit, the kind young man seeks to take on the world.

[Written by MAL Rewrite]"
Steins;Gate,9.07,"Apr 6, 2011 to Sep 14, 2011","['Drama', 'Sci-Fi', 'Suspense']",Visual novel,TV,24,PG-13 - Teens 13 or older,#5,#14,"2,802,807","201,831",https://myanimelist.net/images/anime/1935/127974.jpg,"Eccentric scientist Rintarou Okabe has a never-ending thirst for scientific exploration. Together with his ditzy but well-meaning friend Mayuri Shiina and his roommate Itaru Hashida, Okabe founds the Future Gadget Laboratory in the hopes of creating technological innovations that baffle the human psyche. Despite claims of grandeur, the only notable ""gadget"" the trio have created is a microwave that has the mystifying power to turn bananas into green goo.

However, when Okabe attends a conference on time travel, he experiences a series of strange events that lead him to believe that there is more to the ""Phone Microwave"" gadget than meets the eye. Apparently able to send text messages into the past using the microwave, Okabe dabbles further with the ""time machine,"" attracting the ire and attention of the mysterious organization SERN.

Due to the novel discovery, Okabe and his friends find themselves in an ever-present danger. As he works to mitigate the damage his invention has caused to the timeline, Okabe fights a battle to not only save his loved ones but also to preserve his degrading sanity.

[Written by MAL Rewrite]"
Kizumonogatari III: Reiketsu-hen,8.78,"Jan 6, 2017","['Action', 'Mystery', 'Supernatural']",Light novel,Movie,1,R - 17+ (violence & profanity),#41,#500,"511,483","8,186",https://myanimelist.net/images/anime/1084/112813.jpg,"After helping revive the legendary vampire Kiss-shot Acerola-orion Heart-under-blade, Koyomi Araragi has become a vampire himself and her servant. Kiss-shot is certain she can turn him back into a human, but only once regaining her full power. 

Araragi has hunted down the three vampire hunters that defeated Kiss-shot and retrieved her limbs to return her to full strength. However, now that Araragi has almost accomplished what he’s been fighting for this whole time, he has to consider if this is what he really wants. Once he revives this powerful immortal vampire, there is no telling what she might do, and there would be no way of stopping her.

But there is more to the story that Araragi doesn’t understand. If a newborn vampire like him could defeat the hunters, how did they overpower Kiss-shot? Can he trust her to turn him back to a human? And how is that even possible in the first place?

Araragi is at his limit but he must come to a decision, and it may not be possible to resolve this situation without doing something he’ll regret…

[Written by MAL Rewrite]"
Mob Psycho 100 II,8.78,"Jan 7, 2019 to Apr 1, 2019","['Action', 'Comedy', 'Supernatural']",Web manga,TV,13,PG-13 - Teens 13 or older,#42,#73,"1,719,717","33,803",https://myanimelist.net/images/anime/1918/96303.jpg,"Shigeo ""Mob"" Kageyama is now maturing and understanding his role as a supernatural psychic that has the power to drastically affect the livelihood of others. He and his mentor Reigen Arataka continue to deal with supernatural requests from clients, whether it be exorcizing evil spirits or tackling urban legends that haunt the citizens.

While the workflow remains the same, Mob isn't just blindly following Reigen around anymore. With all his experiences as a ridiculously strong psychic, Mob's supernatural adventures now have more weight to them. Things take on a serious and darker tone as the dangers Mob and Reigen face are much more tangible and unsettling than ever before.

[Written by MAL Rewrite]"
Vinland Saga,8.78,"Jul 8, 2019 to Dec 30, 2019","['Action', 'Adventure', 'Drama']",Manga,TV,24,R - 17+ (violence & profanity),#43,#61,"1,809,196","56,994",https://myanimelist.net/images/anime/1500/103005.jpg,"Young Thorfinn grew up listening to the stories of old sailors that had traveled the ocean and reached the place of legend, Vinland. It's said to be warm and fertile, a place where there would be no need for fighting—not at all like the frozen village in Iceland where he was born, and certainly not like his current life as a mercenary. War is his home now. Though his father once told him, ""You have no enemies, nobody does. There is nobody who it's okay to hurt,"" as he grew, Thorfinn knew that nothing was further from the truth.

The war between England and the Danes grows worse with each passing year. Death has become commonplace, and the viking mercenaries are loving every moment of it. Allying with either side will cause a massive swing in the balance of power, and the vikings are happy to make names for themselves and take any spoils they earn along the way. Among the chaos, Thorfinn must take his revenge and kill Askeladd, the man who murdered his father. The only paradise for the vikings, it seems, is the era of war and death that rages on.

[Written by MAL Rewrite]"
Haikyuu!! Karasuno Koukou vs. Shiratorizawa Gakuen Koukou,8.77,"Oct 8, 2016 to Dec 10, 2016",['Sports'],Manga,TV,10,PG-13 - Teens 13 or older,#44,#115,"1,323,606","15,978",https://myanimelist.net/images/anime/7/81992.jpg,"After the victory against Aoba Jousai High, Karasuno High School, once called “a fallen powerhouse, a crow that can’t fly,” has finally reached the climax of the heated Spring tournament. Now, to advance to nationals, the Karasuno team has to defeat the powerhouse Shiratorizawa Academy. Karasuno’s greatest hurdle is their adversary’s ace, Wakatoshi Ushijima, the number one player in the Miyagi Prefecture, and one of the country’s top three aces.

Only the strongest team will make it to the national tournament. Since this match is the third-year players’ last chance to qualify for nationals, Karasuno has to use everything they learned during the training camp and prior matches to attain victory. Filled with restlessness and excitement, both teams are determined to come out on top in the third season of Haikyuu!!.

[Written by MAL Rewrite]"
Sen to Chihiro no Kamikakushi,8.77,"Jul 20, 2001","['Adventure', 'Award Winning', 'Fantasy']",Original,Movie,1,PG - Children,#45,#44,"2,022,291","35,026",https://myanimelist.net/images/anime/6/79597.jpg,"Stubborn, spoiled, and naïve, 10-year-old Chihiro Ogino is less than pleased when she and her parents discover an abandoned amusement park on the way to their new house. Cautiously venturing inside, she realizes that there is more to this place than meets the eye, as strange things begin to happen once dusk falls. Ghostly apparitions and food that turns her parents into pigs are just the start—Chihiro has unwittingly crossed over into the spirit world. Now trapped, she must summon the courage to live and work amongst spirits, with the help of the enigmatic Haku and the cast of unique characters she meets along the way.

Vivid and intriguing, Sen to Chihiro no Kamikakushi tells the story of Chihiro's journey through an unfamiliar world as she strives to save her parents and return home.

[Written by MAL Rewrite]"
Shingeki no Kyojin: The Final Season Part 2,8.77,"Jan 10, 2022 to Apr 4, 2022","['Action', 'Drama', 'Suspense']",Manga,TV,12,R - 17+ (violence & profanity),#46,#90,"1,550,358","32,302",https://myanimelist.net/images/anime/1948/120625.jpg,"Turning against his former allies and enemies alike, Eren Yeager sets a disastrous plan in motion. Under the guidance of the Beast Titan, Zeke, Eren takes extreme measures to end the ancient conflict between Marley and Eldia—but his true intentions remain a mystery. Delving deep into his family's past, Eren fights to control his own destiny.

Meanwhile, the long-feuding nations of Marley and Eldia utilize both soldiers and Titans in a brutal race to eliminate the other. Reiner Braun uses his own powers in a desperate bid to hold off Eren's own militaristic force, and his fellow Eldians—children Falco Grice and Gabi Braun—struggle to survive in the unfolding chaos.

Elsewhere, Eren's childhood friends Mikasa Ackerman and Armin Arlert remain imprisoned alongside Eren's former Survey Corps companions, all disturbed by Eren's monstrous transformation. Under the blind belief that Eren still secretly harbors good intentions, Mikasa and the others enter the fray in an attempt to save their friend's very soul.

[Written by MAL Rewrite]"
Monogatari Series: Second Season,8.76,"Jul 7, 2013 to Dec 29, 2013","['Comedy', 'Mystery', 'Romance', 'Supernatural']",Light novel,TV,26,R - 17+ (violence & profanity),#47,#328,"717,868","24,297",https://myanimelist.net/images/anime/1807/121534.jpg,"Apparitions, oddities, and gods continue to manifest around Koyomi Araragi and his close-knit group of friends: Tsubasa Hanekawa, the group's modest genius; Shinobu Oshino, the resident doughnut-loving vampire; athletic deviant Suruga Kanbaru; bite-happy spirit Mayoi Hachikuji; Koyomi's cute admirer Nadeko Sengoku; and Hitagi Senjougahara, Koyomi's eclectic girlfriend.

A new semester has begun and with graduation looming over Koyomi, he must quickly decide the paths he will walk, as well as the relationships he will form and friends that he will save. But as strange events begin to unfold, Koyomi is nowhere to be found, and a vicious tiger apparition has appeared in his absence. Hanekawa has become its target, and she quickly finds she must fend for herself.

[Written by MAL Rewrite]"
Takopii no Genzai,8.76,"Jun 28, 2025 to Aug 2, 2025","['Drama', 'Sci-Fi']",Manga,ONA,6,R - 17+ (violence & profanity),#48,#910,"307,953","6,469",https://myanimelist.net/images/anime/1182/149879.jpg,"A squid-like creature, known as a Happian, leaves his home planet with the desire to spread happiness across the universe. He lands on Earth, but quickly finds himself in danger of captivity by its inhabitants. Fortunately, he is found by an unsmiling little girl named Shizuka Kuze, who feeds him and names him Takopii. Feeling indebted, Takopii decides to do everything in his power to bring a smile to her face.

The task is easier said than done, however. Shizuka is bullied by her classmates, she does not have a father, and her mother is never home—though the gravity of these issues flies over the naive Takopii's head. Even so, Shizuka does have one source of happiness: her dog Chappy. The connection Shizuka and Chappy share only increases Takopii's desire to make the girl smile.

While Takopii's attempts to lift Shizuka's spirits lead to unintended consequences, he is determined to take things into his own tentacles, test his understanding of human beings, and achieve his goal of spreading happiness.

[Written by MAL Rewrite]"
Cowboy Bebop,8.75,"Apr 3, 1998 to Apr 24, 1999","['Action', 'Award Winning', 'Sci-Fi']",Original,TV,26,R - 17+ (violence & profanity),#49,#42,"2,049,140","89,374",https://myanimelist.net/images/anime/4/19644.jpg,"Crime is timeless. By the year 2071, humanity has expanded across the galaxy, filling the surface of other planets with settlements like those on Earth. These new societies are plagued by murder, drug use, and theft, and intergalactic outlaws are hunted by a growing number of tough bounty hunters.

Spike Spiegel and Jet Black pursue criminals throughout space to make a humble living. Beneath his goofy and aloof demeanor, Spike is haunted by the weight of his violent past. Meanwhile, Jet manages his own troubled memories while taking care of Spike and the Bebop, their ship. The duo is joined by the beautiful con artist Faye Valentine, odd child Edward Wong Hau Pepelu Tivrusky IV, and Ein, a bioengineered Welsh corgi.

While developing bonds and working to catch a colorful cast of criminals, the Bebop crew's lives are disrupted by a menace from Spike's past. As a rival's maniacal plot continues to unravel, Spike must choose between life with his newfound family or revenge for his old wounds.

[Written by MAL Rewrite]"
Bocchi the Rock!,8.73,"Oct 9, 2022 to Dec 25, 2022",['Comedy'],4-koma manga,TV,12,PG-13 - Teens 13 or older,#50,#292,"784,878","36,472",https://myanimelist.net/images/anime/1448/127956.jpg,"Yearning to make friends and perform live with a band, lonely and socially anxious Hitori ""Bocchi"" Gotou devotes her time to playing the guitar. On a fateful day, Bocchi meets the outgoing drummer Nijika Ijichi, who invites her to join Kessoku Band when their guitarist, Ikuyo Kita, flees before their first show. Soon after, Bocchi meets her final bandmate—the cool bassist Ryou Yamada. 

Although their first performance together is subpar, the girls feel empowered by their shared love for music, and they are soon rejoined by Kita. Finding happiness in performing, Bocchi and her bandmates put their hearts into improving as musicians while making the most of their fleeting high school days.

[Written by MAL Rewrite]"
Gintama: The Final,9.05,"Jan 8, 2021","['Action', 'Comedy', 'Drama', 'Sci-Fi']",Manga,Movie,1,PG-13 - Teens 13 or older,#6,#1501,"183,105","4,653",https://myanimelist.net/images/anime/1245/116760.jpg,"Two years have passed following the Tendoshuu's invasion of the O-Edo Central Terminal. Since then, the Yorozuya have gone their separate ways. Foreseeing Utsuro's return, Gintoki Sakata begins surveying Earth's ley lines for traces of the other man's Altana. After an encounter with the remnants of the Tendoshuu—who continue to press on in search of immortality—Gintoki returns to Edo.

Later, the regrouped Shinsengumi and Yorozuya begin an attack on the occupied Central Terminal. With the Altana harvested by the wreckage of the Tendoshuu's ship in danger of detonating, the Yorozuya and their allies fight their enemies while the safety of Edo—and the rest of the world—hangs in the balance. Fulfilling the wishes of their teacher, Shouyou Yoshida's former students unite and relive their pasts one final time in an attempt to save their futures.

[Written by MAL Rewrite]"
Hibike! Euphonium 3,8.73,"Apr 7, 2024 to Jun 30, 2024",['Drama'],Novel,TV,13,PG-13 - Teens 13 or older,#51,#2424,"97,469","2,150",https://myanimelist.net/images/anime/1216/142086.jpg,"With the ensemble contest behind them, the members of the Kitauji High School concert band now aim to win a gold medal at the national competition. For third-year club president Kumiko Oumae and her friends, it is their last chance before graduation. Filled with anticipation and anxiety, Kumiko worries if she can successfully lead the band.

Amid her struggles, Kumiko encounters transfer student Mayu Kuroe. From her gentle demeanor to her talented euphonium skills, Mayu was a member of the Seira Girls' School concert band—a regular at nationals. While Mayu is friendly, Kumiko cannot help but have an indescribable feeling from their meeting.

As new members arrive and plans are set in motion, the club, with an insatiable hunger for a gold medal, learns what it truly takes to propel themselves to reach the national level.

[Written by MAL Rewrite]"
Kingdom 4th Season,8.73,"Apr 10, 2022 to Oct 2, 2022",['Action'],Manga,TV,26,R - 17+ (violence & profanity),#52,#2550,"89,939","1,201",https://myanimelist.net/images/anime/1566/122794.jpg,"Following the conclusion of the large-scale coalition campaign, the entirety of China is in a state of economic recovery. The victor of the battle, the state of Qin, is no different. There, the political parties led by Ying Zheng and Buwei Lü continue their inner conflict. Having played the role of king in the coalition battle, Zheng has the trust of the people—but Lü is far from out of the fight. In 18 months, he plans to interrupt Zheng's coming-of-age ceremony.

Meanwhile, a Zhao army numbering 20,000 troops has set out toward Qin. In the royal court, due to the lack of generals capable of responding to the incoming threat, Lü slyly suggests that Zheng take command. However, Cheng Jiao, Zheng's half-brother, volunteers instead. As they grew to trust each other during the coalition battle, Zheng now accepts Jiao as his replacement.

However, the Zhao forces retreat a mere half-day after clashing with Jiao's army. With trouble quickly brewing in the shadows, the internal struggle of Qin is only complicated further. There are only two men Zheng feels he can rely on: Bi, a general who commands 30,000 men; and Xin, the leader of the Fei Xin force.

[Written by MAL Rewrite]"
One Piece,8.73,"Oct 20, 1999 to ?","['Action', 'Adventure', 'Fantasy']",Manga,TV,Unknown,PG-13 - Teens 13 or older,#53,#17,"2,666,500","250,773",https://myanimelist.net/images/anime/1244/138851.jpg,"Barely surviving in a barrel after passing through a terrible whirlpool at sea, carefree Monkey D. Luffy ends up aboard a ship under attack by fearsome pirates. Despite being a naive-looking teenager, he is not to be underestimated. Unmatched in battle, Luffy is a pirate himself who resolutely pursues the coveted One Piece treasure and the King of the Pirates title that comes with it.

The late King of the Pirates, Gol D. Roger, stirred up the world before his death by disclosing the whereabouts of his hoard of riches and daring everyone to obtain it. Ever since then, countless powerful pirates have sailed dangerous seas for the prized One Piece only to never return. Although Luffy lacks a crew and a proper ship, he is endowed with a superhuman ability and an unbreakable spirit that make him not only a formidable adversary but also an inspiration to many.

As he faces numerous challenges with a big smile on his face, Luffy gathers one-of-a-kind companions to join him in his ambitious endeavor, together embracing perils and wonders on their once-in-a-lifetime adventure.

[Written by MAL Rewrite]"
86 Part 2,8.72,"Oct 3, 2021 to Mar 19, 2022","['Drama', 'Sci-Fi']",Light novel,TV,12,R - 17+ (violence & profanity),#54,#385,"637,461","18,454",https://myanimelist.net/images/anime/1321/117508.jpg,"The disappearance of the Spearhead Squadron beyond the horizon does little to hide the intensity of the Republic of San Magnolia's endless propaganda. Vladilena Milizé continues to operate as ""Handler One,"" the commander of yet another dehumanized 86th faction's squadron in the continuous war against the Legion.

On the Western Front, Shinei Nouzen and his squad are quarantined in a military base controlled by the Federal Republic of Giad, formerly known as the Giadian Empire. The newly-established government grants the saved Eighty-Six full citizenship and freedom. Housed by the president Ernst Zimmerman himself, the group meets his adoptive daughter and the last Empress, Augusta Frederica Adel-Adler.

However, within the calm of this tender society, Shinei and his team feel that their purpose is on the battlefield. Before long, they are once again in the midst of the Legion's onslaught as a part of the Federacy's Nordlicht Squadron, accompanied by Augusta Frederica. But, as history repeats itself, they realize that no matter the side, death and pain on the front lines are the only comfort they know.

[Written by MAL Rewrite]"
Chi. Chikyuu no Undou ni Tsuite,8.72,"Oct 5, 2024 to Mar 15, 2025",['Drama'],Manga,TV,25,R - 17+ (violence & profanity),#55,#970,"288,773","7,406",https://myanimelist.net/images/anime/1749/145922.jpg,"Twelve-year-old prodigy Rafal believes in living rationally, so as to earn praise and respect from society while not being led astray by his emotions. To this end, he publicly states his intention to study theology—the academic field held in highest regard in early 15th century Poland. However, an encounter with a mysterious man upends Rafal's life, sparking an illogical desire to instead pursue his passion for astronomy.

Rafal is determined to prove the beauty and rationality of heliocentrism—the theory that the Earth revolves around the Sun. This belief is considered heretical by the powerful Church, which promotes geocentrism—the Sun revolving around the Earth—as the sole truth of the universe. Those whose beliefs do not align with the will of the Church suffer unfathomably gruesome consequences.

In pursuit of evidence for a heliocentric model of the universe, Rafal grapples with obtaining precise calculations and building empirical theories. His greatest challenge, however, lies in conducting this research discreetly—lest he wish to meet the same fate as other heretics.

[Written by MAL Rewrite]"
Kaguya-sama wa Kokurasetai: First Kiss wa Owaranai,8.72,"Dec 17, 2022","['Comedy', 'Drama', 'Romance']",Manga,Movie,1,PG-13 - Teens 13 or older,#56,#722,"377,810","2,327",https://myanimelist.net/images/anime/1670/130060.jpg,"After their first kiss, Kaguya Shinomiya and Miyuki Shirogane are left unsure where their relationship stands. The troubling uncertainty of whether they could be considered an official couple unleashes newfound problems as both Kaguya and Shirogane struggle to sort out their feelings.

While the lovestruck student council officers fret, the Christmas season rolls around, and romance is in the air. In the face of widespread tenderness, Kaguya and Shirogane must endure their affectionate battle of wits once more. Should they reconcile their feelings for one another, they may find themselves within reach of what they have both been longing for so long: true love.

[Written by MAL Rewrite]"
Kingdom 5th Season,8.72,"Jan 14, 2024 to Mar 31, 2024",['Action'],Manga,TV,13,R - 17+ (violence & profanity),#57,#3179,"62,091",612,https://myanimelist.net/images/anime/1050/139641.jpg,Fifth season of Kingdom.
Mob Psycho 100 III,8.72,"Oct 6, 2022 to Dec 22, 2022","['Action', 'Comedy', 'Supernatural']",Web manga,TV,12,PG-13 - Teens 13 or older,#58,#253,"854,635","12,576",https://myanimelist.net/images/anime/1228/125011.jpg,"After foiling a world-threatening plot, Shigeo ""Mob"" Kageyama returns to tackle the more exhausting aspects of his mundane life—starting with filling out his school's nerve-racking career form. Meanwhile, he continues to assist his mentor Arataka Reigen and the office's new recruit, Katsuya Serizawa, in solving paranormal cases of their clients. While continuing his duties, Mob also works on gaining more independence in his esper and human lives, as well as trying to integrate better with the people around him.

However, new supernatural and ordinary challenges test Mob’s emotional stability and force him to confront the realities around him. As he strives to continue forward on the path to maturity, Mob must resolve his emotional crises and reassess the naivety he has held on for so long.

[Written by MAL Rewrite]"
Mushishi Zoku Shou 2nd Season,8.72,"Oct 19, 2014 to Dec 21, 2014","['Adventure', 'Mystery', 'Slice of Life', 'Supernatural']",Manga,TV,10,PG-13 - Teens 13 or older,#59,#950,"292,393","1,579",https://myanimelist.net/images/anime/9/68095.jpg,"Ghostly, primordial beings known as Mushi continue to cause mysterious changes in the lives of humans. The travelling Mushishi, Ginko, persists in trying to set right the strange and unsettling situations he encounters. Time loops, living shadows, and telepathy are among the overt effects of interference from Mushi, but more subtle symptoms that take years to be noticed also rouse Ginko's concern as he passes from village to village.

Through circumstance, Ginko has become an arbiter, determining which Mushi are blessings and which are curses. But the lines that he seeks to draw are subjective. Some of his patients would rather exercise their new powers until they are utterly consumed by them; others desperately strive to rid themselves of afflictions which are in fact protecting their lives from devastation. Those who cross paths with Mushi must learn to accept seemingly impossible consequences for their actions, and heal wounds they did not know they had. Otherwise, they risk meeting with fates beyond their comprehension.

[Written by MAL Rewrite]"
Tongari Boushi no Atelier,8.72,"Apr 6, 2026 to ?",['Fantasy'],Manga,TV,13,PG-13 - Teens 13 or older,#60,#1564,"176,118","1,347",https://myanimelist.net/images/anime/1726/155542.jpg,"Coco, a humble dressmaker's daughter, has always been fascinated by magic and the witches who cast it, despite the strict precautions they take to hide their methods from the public. However, when Coco takes advantage of a golden chance to spy on the skilled witch Qifrey, she realizes that her favorite picture book was a disguised magic book all along! In her excitement, she immediately starts testing out the various spells.

When a spell causes a disaster in her home, Qifrey rescues her just in time and decides to train her, realizing that she is the first lead he has found that could help him track down the Brimmed Caps—a dangerous group of heretics who experiment with forbidden body-altering magic and spread magical artifacts among the commoners. But before Coco and Qifrey can confront the Brimmed Caps, she is going to have to improve her magical skills and learn to get along with Qifrey's other apprentices. 

[Written by MAL Rewrite]"
Gintama°,9.05,"Apr 8, 2015 to Mar 30, 2016","['Action', 'Comedy', 'Sci-Fi']",Manga,TV,51,PG-13 - Teens 13 or older,#7,#349,"689,988","17,488",https://myanimelist.net/images/anime/3/72078.jpg,"Gintoki, Shinpachi, and Kagura return as the fun-loving but broke members of the Yorozuya team! Living in an alternate-reality Edo, where swords are prohibited and alien overlords have conquered Japan, they try to thrive on doing whatever work they can get their hands on. However, Shinpachi and Kagura still haven't been paid... Does Gin-chan really spend all that cash playing pachinko?

Meanwhile, when Gintoki drunkenly staggers home one night, an alien spaceship crashes nearby. A fatally injured crew member emerges from the ship and gives Gintoki a strange, clock-shaped device, warning him that it is incredibly powerful and must be safeguarded. Mistaking it for his alarm clock, Gintoki proceeds to smash the device the next morning and suddenly discovers that the world outside his apartment has come to a standstill. With Kagura and Shinpachi at his side, he sets off to get the device fixed; though, as usual, nothing is ever that simple for the Yorozuya team.

Filled with tongue-in-cheek humor and moments of heartfelt emotion, Gintama's fourth season finds Gintoki and his friends facing both their most hilarious misadventures and most dangerous crises yet.

[Written by MAL Rewrite]"
[Oshi no Ko] 3rd Season,8.72,"Jan 14, 2026 to Mar 25, 2026",['Drama'],Manga,TV,11,PG-13 - Teens 13 or older,#61,#1124,"249,220","1,877",https://myanimelist.net/images/anime/1979/153329.jpg,"Satisfied with his investigation of Lala Lai Theatrical Company, Aquamarine ""Aqua"" Hoshino shifts his focus from revenge to career growth and becomes a regular on the variety show Dig Deep! Chase the Impawsible. With memories of his mother still lingering in his mind, Aqua cuts contact with Kana Arima, leaving her unable to enjoy the surging popularity of her idol group, B-Komachi.

Meanwhile, following the bone-chilling discovery during B-Komachi's recent music video shoot, Aqua's sister, Ruby, resolves to solve the murders of those dearest to her. With the help of another soul still weighed down by Ai Hoshino's untimely demise, Ruby rises through the ranks, using any means necessary to get her way.

[Written by MAL Rewrite]"
Boku no Hero Academia: Final Season,8.71,"Oct 4, 2025 to Dec 13, 2025",['Action'],Manga,TV,11,PG-13 - Teens 13 or older,#62,#937,"296,593","2,827",https://myanimelist.net/images/anime/1959/151055.jpg,"The final stages of an all-out war between heroes and villains unfold as the world watches its symbols of peace and destruction collide. When All Might is critically injured, global fear takes hold as the fate of society hangs in the balance, and the threat of All For One and Tomura Shigaraki makes it clear that the conflict is far from over.

As hope begins to fade, Izuku ""Deku"" Midoriya stands at the forefront, refusing to let the war end in despair. Pushed beyond his limits and supported by Katsuki Bakugou and other heroes fighting beside him, Deku becomes the central force opposing collapse. The conflict becomes a defining turning point for society—one where the future will be entrusted to the victorious side.

[Written by MAL Rewrite]"
Code Geass: Hangyaku no Lelouch,8.71,"Oct 6, 2006 to Jul 29, 2007","['Award Winning', 'Drama', 'Sci-Fi']",Original,TV,25,R - 17+ (violence & profanity),#63,#22,"2,462,737","116,962",https://myanimelist.net/images/anime/1032/135088.jpg,"In the year 2010, the Holy Empire of Britannia is establishing itself as a dominant military nation, starting with the conquest of Japan. Renamed to Area 11 after its swift defeat, Japan has seen significant resistance against these tyrants in an attempt to regain independence.

Lelouch Lamperouge, a Britannian student, unfortunately finds himself caught in a crossfire between the Britannian and the Area 11 rebel armed forces. He is able to escape, however, thanks to the timely appearance of a mysterious girl named C.C., who bestows upon him Geass, the ""Power of Kings."" Realizing the vast potential of his newfound ""power of absolute obedience,"" Lelouch embarks upon a perilous journey as the masked vigilante known as Zero, leading a merciless onslaught against Britannia in order to get revenge once and for all.

[Written by MAL Rewrite]"
Jujutsu Kaisen 2nd Season,8.71,"Jul 6, 2023 to Dec 28, 2023","['Action', 'Supernatural']",Manga,TV,23,R - 17+ (violence & profanity),#64,#107,"1,377,935","26,009",https://myanimelist.net/images/anime/1792/138022.jpg,"The year is 2006, and the halls of Tokyo Prefectural Jujutsu High School echo with the endless bickering and intense debate between two inseparable best friends. Exuding unshakeable confidence, Satoru Gojou and Suguru Getou believe there is no challenge too great for young and powerful Special Grade sorcerers such as themselves. They are tasked with safely delivering a sensible girl named Riko Amanai to the entity whose existence is the very essence of the jujutsu world. However, the mission plunges them into an exhausting swirl of moral conflict that threatens to destroy the already feeble amity between sorcerers and ordinary humans.

Twelve years later, students and sorcerers are the frontline defense against the rising number of high-level curses born from humans' negative emotions. As the entities grow in power, their self-awareness and ambition increase too. The curses unite for the common goal of eradicating humans and creating a world of only cursed energy users, led by a dangerous, ancient cursed spirit. To dispose of their greatest obstacle—the strongest sorcerer, Gojou—they orchestrate an attack at Shibuya Station on Halloween. Dividing into teams, the sorcerers enter the fight prepared to risk everything to protect the innocent and their own kind.

[Written by MAL Rewrite]"
Re:Zero kara Hajimeru Isekai Seikatsu 4th Season,8.71,"Apr 8, 2026 to ?","['Drama', 'Fantasy', 'Suspense']",Light novel,TV,19,R - 17+ (violence & profanity),#65,#1520,"180,909","1,231",https://myanimelist.net/images/anime/1540/155824.jpg,"In the deadly battle at the Watergate City of Priestella, Subaru and his allies barely emerged victorious—but their triumph came at a great cost. Through the ""Authority of Gluttony,"" Rem was put into suspended animation, while Crusch's memories and even Julius’s name were devoured. As he searches for a way to save them, Subaru learns of the ""wise man"" Shaula—an all-seeing being said to possess every form of knowledge. His next destination is the Pleiades Watchtower, home to a wise man, the farthest tower standing in the vast, uncharted desert known as the Auguria Dunes—a place so perilous that even the mightiest ""Sword Saint,"" Reinhard, failed to conquer it. The fury of nature, unknown magical beasts, and unimaginable dangers lie ahead. Together with his friends, Subaru embarks on a life-risking journey to reclaim what was lost.

(Source: Kadokawa)"
The First Slam Dunk,8.71,"Dec 3, 2022","['Award Winning', 'Sports']",Manga,Movie,1,PG-13 - Teens 13 or older,#66,#2811,"76,707","1,070",https://myanimelist.net/images/anime/1745/129284.jpg,"Shohoku's ""speedster"" and point guard, Ryouta Miyagi, always plays with brains and lightning speed, running circles around his opponents while feigning composure. Born and raised in Okinawa, Ryouta had a brother who was three years older. Following in the footsteps of his older brother, who was a famous local player from a young age, Ryouta also became addicted to basketball.

In his second year of high school, Ryouta plays with the Shohoku High School basketball team along with Sakuragi, Rukawa, Akagi, and Mitsui as they take the stage at the Inter-High School National Championship. And now, they are on the brink of challenging the reigning champions, Sannoh Kogyo High School.

(Source: GKIDS, edited)"
Bleach: Sennen Kessen-hen - Ketsubetsu-tan,8.70,"Jul 8, 2023 to Sep 30, 2023","['Action', 'Adventure', 'Supernatural']",Manga,TV,13,R - 17+ (violence & profanity),#67,#660,"409,843","5,071",https://myanimelist.net/images/anime/1164/138058.jpg,"After a brutal surprise attack by the forces of Quincy King Yhwach, the resident Reapers of the Soul Society lick their wounds and mourn their losses. Many of the surviving Soul Reaper captains train to battle without their Bankai, the ultimate technique wielded by the fiercest warriors.

In the previous assault, Ichigo Kurosaki narrowly managed to help fend off Yhwach's fearsome wrath. However, to ultimately defeat his godly adversary and save his allies, Ichigo must now undergo severe training that will push him beyond his physical, emotional, and mental limits.

Though Yhwach already holds the upper hand in this ongoing blood feud, he also successfully recruits Uryuu Ishida, Ichigo's close friend and rival, to be his successor. Yhwach strikes out once again at the weakened Soul Society, intent on finally obliterating his long-standing enemies. As Ichigo struggles to attain new power, the Soul Reaper captains fight for survival and borrowed time.

[Written by MAL Rewrite]"
Kimetsu no Yaiba: Yuukaku-hen,8.70,"Dec 5, 2021 to Feb 13, 2022","['Action', 'Supernatural']",Manga,TV,11,R - 17+ (violence & profanity),#68,#72,"1,730,705","25,136",https://myanimelist.net/images/anime/1908/120036.jpg,"The devastation of the Mugen Train incident still weighs heavily on the members of the Demon Slayer Corps. Despite being given time to recover, life must go on, as the wicked never sleep: a vicious demon is terrorizing the alluring women of the Yoshiwara Entertainment District. The Sound Hashira, Tengen Uzui, and his three wives are on the case. However, when he soon loses contact with his spouses, Tengen fears the worst and enlists the help of Tanjirou Kamado, Zenitsu Agatsuma, and Inosuke Hashibira to infiltrate the district's most prominent houses and locate the depraved Upper Rank Demon.

[Written by MAL Rewrite]"
Shiguang Dailiren,8.70,"Apr 30, 2021 to Jul 9, 2021","['Drama', 'Mystery', 'Suspense']",Original,ONA,11,PG-13 - Teens 13 or older,#69,#542,"477,905","14,834",https://myanimelist.net/images/anime/1135/114867.jpg,"It is said that a picture is worth a thousand words. In this case, it holds an infinite amount of secrets. These are secrets that only Cheng Xiaoshi and Lu Guang are able to find. In a small shop called ""Time Photo Studio,"" the two friends provide a special service: using their extraordinary powers that let them enter photographs, they jump into pictures brought to them by clients in order to grant their wishes. Through the eyes of the photographer, they live through the events surrounding the picture and try to decipher how to solve their client's request.

But every time they jump into a picture, they take a great risk. One wrong move and they could alter the future of the person who took the picture... and possibly countless other events too. So when the events they are forced to live through in these pictures start to become personal, it will take the utmost strength to push their feelings aside and focus on accomplishing the task they were paid to do.

[Written by MAL Rewrite]"
Shouwa Genroku Rakugo Shinjuu: Sukeroku Futatabi-hen,8.70,"Jan 7, 2017 to Mar 25, 2017",['Drama'],Manga,TV,12,PG-13 - Teens 13 or older,#70,#1376,"201,903","3,237",https://myanimelist.net/images/anime/1493/124765.jpg,"Even after having risen to the utmost rank of shin'uchi, Yotarou struggles to find his own identity in the world of rakugo. Caught between his master's teachings and the late Sukeroku's unique style, his performance lacks an important ingredient—ego. And while his popularity packs the theaters, he is but one of the few; rakugo is under threat of being eclipsed.

Meanwhile Yakumo, regarded by many as the last bastion of preserving the popularity of rakugo, struggles to cope with his elderly state. Even though his performances are still stellar, he fears that he is nearing his limits. His doubts grow stronger as an old friend creeps ever closer. Konatsu, for her part, attempts to raise her son as a single mother, which Yotarou is heavily opposed to. Instead, he seeks to persuade her to marry him and in turn raise her son as his own.

In Shouwa Genroku Rakugo Shinjuu: Sukeroku Futatabi-hen, the curtains fall on Yotarou and Yakumo's story, tasked with restoring the near-obsolete art form as well as overcoming their internal conflicts.

[Written by MAL Rewrite]"
Shingeki no Kyojin Season 3 Part 2,9.05,"Apr 29, 2019 to Jul 1, 2019","['Action', 'Drama', 'Suspense']",Manga,TV,10,R - 17+ (violence & profanity),#8,#20,"2,579,916","63,043",https://myanimelist.net/images/anime/1517/100633.jpg,"Seeking to restore humanity's diminishing hope, the Survey Corps embark on a mission to retake Wall Maria, where the battle against the merciless ""Titans"" takes the stage once again.

Returning to the tattered Shiganshina District that was once his home, Eren Yeager and the Corps find the town oddly unoccupied by Titans. Even after the outer gate is plugged, they strangely encounter no opposition. The mission progresses smoothly until Armin Arlert, highly suspicious of the enemy's absence, discovers distressing signs of a potential scheme against them. 

Shingeki no Kyojin Season 3 Part 2 follows Eren as he vows to take back everything that was once his. Alongside him, the Survey Corps strive—through countless sacrifices—to carve a path towards victory and uncover the secrets locked away in the Yeager family's basement.

[Written by MAL Rewrite]"
Boku no Kokoro no Yabai Yatsu 2nd Season,8.69,"Jan 7, 2024 to Mar 31, 2024","['Comedy', 'Romance']",Manga,TV,13,PG-13 - Teens 13 or older,#71,#914,"306,687","6,124",https://myanimelist.net/images/anime/1643/138581.jpg,"After an eventful winter break, Kyoutarou Ichikawa and Anna Yamada reunite with a stronger bond. They continue to grow in their own ways, with Yamada taking on more challenging photoshoots and Ichikawa maturing both physically and emotionally as he tackles his affections for Yamada. However, spending time together outside of school allows for their relationship to deepen, and it becomes increasingly difficult to deny their budding romantic feelings.

Grappling with these unexpected and new emotions, Ichikawa and Yamada realize that, with the passage of time, their relationship is bound to change—and they must ultimately decide whether they wish to remain close friends or finally become a couple.

[Written by MAL Rewrite]"
Mushishi Zoku Shou,8.69,"Apr 5, 2014 to Jun 21, 2014","['Adventure', 'Mystery', 'Slice of Life', 'Supernatural']",Manga,TV,10,PG-13 - Teens 13 or older,#72,#859,"326,363","1,647",https://myanimelist.net/images/anime/13/58533.jpg,"Perceived as strange and feared by man, over time the misshapen ones came to be known as Mushi. Although they harbor no ill intentions towards humans, many suffer from the side effects of their existence and strange nature; exploiting the Mushi without understanding them, even unintentionally, can lead to disaster and strife for any involved. Mushishi Zoku Shou continues the story of Mushishi Ginko on his journey to help the visible world to coexist with the Mushi.

During his travels, Ginko discovers various gifted individuals—those cursed by circumstance and those maintaining a fragile symbiosis with the Mushi—inevitably confronting the question of whether humanity, talented and tortured alike, can manage the responsibility of the unseen. Moreover, as a Mushishi, Ginko must learn more about these strange beings and decide if he has the right to interfere with the complex relationships between Mushi and mankind.

[Written by MAL Rewrite]"
Rurouni Kenshin: Meiji Kenkaku Romantan - Tsuioku-hen,8.69,"Feb 20, 1999 to Sep 22, 1999","['Action', 'Drama', 'Romance']",Manga,OVA,4,R - 17+ (violence & profanity),#73,#951,"292,333","6,452",https://myanimelist.net/images/anime/1656/137618.jpg,"When mankind's savagery surpasses his fear of death, there is little hope for those who wish to live honest lives. Beneath a full moon, a young boy witnesses the murder of the bandits who had enslaved him, and is then christened with a new name by the man who rescued him. This boy is Shinta, now known as Kenshin Himura, and he is destined to become a swordsman. The softness of his heart does not befit the occupation, but his desire to protect the innocent is absolute.

Rurouni Kenshin: Meiji Kenkaku Romantan - Tsuioku-hen details the origins of the man who would bear the name of Hitokiri Battousai long before he swore his oath not to kill and before he earned his reputation as an assassin. The young man's heart is divided between justice and corruption, while the fate of a nation rests on his actions.

[Written by MAL Rewrite]"
Violet Evergarden,8.69,"Jan 11, 2018 to Apr 5, 2018",['Drama'],Light novel,TV,13,PG-13 - Teens 13 or older,#74,#46,"1,989,095","68,940",https://myanimelist.net/images/anime/1795/95088.jpg,"The Great War finally came to an end after four long years of conflict; fractured in two, the continent of Telesis slowly began to flourish once again. Caught up in the bloodshed was Violet Evergarden, a young girl raised for the sole purpose of decimating enemy lines. Hospitalized and maimed in a bloody skirmish during the War's final leg, she was left with only words from the person she held dearest, but with no understanding of their meaning.

Recovering from her wounds, Violet starts a new life working at CH Postal Services after a falling out with her new intended guardian family. There, she witnesses by pure chance the work of an ""Auto Memory Doll,"" amanuenses that transcribe people's thoughts and feelings into words on paper. Moved by the notion, Violet begins work as an Auto Memory Doll, a trade that will take her on an adventure, one that will reshape the lives of her clients and hopefully lead to self-discovery.

[Written by MAL Rewrite]"
Great Teacher Onizuka,8.68,"Jun 30, 1999 to Sep 17, 2000",['Comedy'],Manga,TV,43,R - 17+ (violence & profanity),#75,#221,"917,566","28,687",https://myanimelist.net/images/anime/13/11460.jpg,"Twenty-two-year-old Eikichi Onizuka—ex-biker gang leader, conqueror of Shonan, and virgin—has a dream: to become the greatest high school teacher in all of Japan. This isn't because of a passion for teaching, but because he wants a loving teenage wife when he's old and gray. Still, for a perverted, greedy, and lazy delinquent, there is more to Onizuka than meets the eye. So when he lands a job as the homeroom teacher of the Class 3-4 at the prestigious Holy Forest Academy—despite suplexing the Vice Principal—all of his talents are put to the test, as this class is particularly infamous.

Due to their utter contempt for all teachers, the class' students use psychological warfare to mentally break any new homeroom teacher they get, forcing them to quit and leave school. However, Onizuka isn't your average teacher, and he's ready for any challenge in his way.

Bullying, suicide, and sexual harassment are just a few of the issues his students face daily. By tackling the roots of their problems, Onizuka supports them with his unpredictable and unconventional methods—even if it means jumping off a building to save a suicidal child. Thanks to his eccentric charm and fun-loving nature, Class 3-4 slowly learns just how enjoyable school can be when you're the pupils of the Great Teacher Onizuka.

[Written by MAL Rewrite]"
Tu Bian Yingxiong X,8.68,"Apr 6, 2025 to Sep 14, 2025",['Action'],Original,ONA,24,PG-13 - Teens 13 or older,#76,#1161,"243,840","5,137",https://myanimelist.net/images/anime/1492/150628.jpg,"This is a world where heroes are created by people's trust, and the hero who has received the most trust is known as ""X."" In this world, people's trust can be calculated by data, and these values will be reflected on everyone's wrist. As long as enough trust points are obtained, ordinary people can also have superpowers and become superheroes that save the world. However, the ever-changing trust value makes the hero's path full of unknowns...

(Source: Bilibili, translated)"
Uma Musume: Cinderella Gray Part 2,8.68,"Oct 5, 2025 to Dec 21, 2025","['Drama', 'Sports']",Manga,TV,10,PG-13 - Teens 13 or older,#77,#3170,"62,311",590,https://myanimelist.net/images/anime/1120/152280.jpg,"Ever since horse girl Oguri Cap left the small town of Kasamatsu to chase greater heights in Tokyo, she has rapidly gained attention with her remarkable results. Her goal to become the best horse girl in Japan seems within reach, but there is a rival in her way—another running prodigy named Tamamo Cross.

However, Tamamo is not the only threat to Oguri: several world-class racers from overseas are joining the Japan Cup, pushing the renowned race's competition to unprecedented levels. With the support from the people close to her and her intense desire to win, Oguri will do anything to conquer the Japan Cup and continue sprinting for the top.

[Written by MAL Rewrite]"
Bleach: Sennen Kessen-hen - Soukoku-tan,8.67,"Oct 5, 2024 to Dec 28, 2024","['Action', 'Adventure', 'Supernatural']",Manga,TV,14,R - 17+ (violence & profanity),#78,#952,"292,239","3,689",https://myanimelist.net/images/anime/1595/144074.jpg,"After an awe-inspiring battle with Ichibei Hyousube—leader of the Soul Society's Royal Guard—the powerful Yhwach moves into the final stage of his master plan. He aims to slay the Soul King, the being whose very existence maintains the status quo of three worlds: Hueco Mundo, the Soul Society, and the realm of humans that Ichigo Kurosaki and his closest friends hail from. Conquering his own bout with the remainder of the Royal Guard, Uryuu Ishida joins Yhwach in his efforts to create a new world in his image.

With a flood of resolution and newfound power, Ichigo rushes to stop Yhwach from accomplishing his ultimate goal and save the countless lives within the three existing realms. But Ichigo has a complicated lineage, one that leaves him susceptible to Yhwach's sinister influence.

Meanwhile, in a final desperate gambit, Jirou Sakuranosuke Shunsui Kyouraku, the newly promoted head captain of the Soul Society's combat corps, enlists the help of an old enemy whose immense power may turn the tide of battle.

[Written by MAL Rewrite]"
Hajime no Ippo: New Challenger,8.67,"Jan 7, 2009 to Jul 1, 2009",['Sports'],Manga,TV,26,PG-13 - Teens 13 or older,#79,#864,"325,386","1,946",https://myanimelist.net/images/anime/8/56617.jpg,"Japanese Featherweight Champion Ippo Makunouchi has successfully defended and retained his title. Meanwhile, his rival, Ichirou Miyata, has resurfaced in Japan, aiming for his own Featherweight belt in the Oriental Pacific Boxing Federation. When the rest of the world comes knocking, however, will Japan's best fighters rise to the challenge and achieve glory at the top? Or will the small island nation be crushed under the weight of greater entities? This time, champions will become challengers issuing a call to the rest of the world and ready to show off their fighting spirit!

[Written by MAL Rewrite]"
Howl no Ugoku Shiro,8.67,"Nov 20, 2004","['Adventure', 'Award Winning', 'Drama', 'Fantasy', 'Romance']",Novel,Movie,1,G - All Ages,#80,#99,"1,485,038","31,686",https://myanimelist.net/images/anime/1470/138723.jpg,"That jumbled piece of architecture, that cacophony of hissing steam and creaking joints, with smoke billowing from it as it moves on its own... That castle is home to the magnificent wizard Howl, infamous for both his magical prowess and for being a womanizer—or so the rumor goes in Sophie Hatter's small town. Sophie, as the plain daughter of a hatmaker, does not expect much from her future and is content with working hard in the shop. 

However, Sophie's simple life takes a turn for the exciting when she is ensnared in a disturbing situation, and the mysterious wizard appears to rescue her. Unfortunately, this encounter, brief as it may be, spurs the vain and vengeful Witch of the Waste—in a fit of jealousy caused by a past discord with Howl—to put a curse on the maiden, turning her into an old woman.

In an endeavor to return to normal, Sophie must accompany Howl and a myriad of eccentric companions—ranging from a powerful fire demon to a hopping scarecrow—in his living castle, on a dangerous adventure as a raging war tears their kingdom apart.

[Written by MAL Rewrite]"
Hunter x Hunter (2011),9.03,"Oct 2, 2011 to Sep 24, 2014","['Action', 'Adventure', 'Fantasy']",Manga,TV,148,PG-13 - Teens 13 or older,#9,#8,"3,173,713","228,535",https://myanimelist.net/images/anime/1337/99013.jpg,"Hunters devote themselves to accomplishing hazardous tasks, all from traversing the world's uncharted territories to locating rare items and monsters. Before becoming a Hunter, one must pass the Hunter Examination—a high-risk selection process in which most applicants end up handicapped or worse, deceased.

Ambitious participants who challenge the notorious exam carry their own reason. What drives 12-year-old Gon Freecss is finding Ging, his father and a Hunter himself. Believing that he will meet his father by becoming a Hunter, Gon takes the first step to walk the same path.

During the Hunter Examination, Gon befriends the medical student Leorio Paladiknight, the vindictive Kurapika, and ex-assassin Killua Zoldyck. While their motives vastly differ from each other, they band together for a common goal and begin to venture into a perilous world.

[Written by MAL Rewrite]"
Kimetsu no Yaiba Movie 1: Mugenjou-hen - Akaza Sairai,8.67,"Jul 18, 2025","['Action', 'Award Winning', 'Supernatural']",Manga,Movie,1,R - 17+ (violence & profanity),#81,#751,"363,742","3,413",https://myanimelist.net/images/anime/1681/148216.jpg,First anime movie of the trilogy adaptation of the Infinity Castle Arc.
Kingdom 6th Season,8.67,"Oct 5, 2025 to Dec 28, 2025",['Action'],Manga,TV,13,R - 17+ (violence & profanity),#82,#4188,"37,695",463,https://myanimelist.net/images/anime/1282/151476.jpg,"In ancient China, during the Warring States period, a former servant named Xin rises through the ranks with a dream: to become the greatest general under the heavens. Fighting alongside King Ying Zheng of Qin—who seeks to unify China and end the chaos—Xin leads his own unit, the Fei Xin Force, onto the battlefield.

With power reclaimed from the influential Chancellor Buwei Lü, King Ying Zheng begins laying the groundwork for a new, unified legal state with the support of key allies like strategist Changping Jun and legalist Li Si.

As Qin launches a campaign to seize new territory from the state of Zhao, their advance is halted by the brilliant strategist, Li Mu. In response, Changping Jun devises a bold plan: to bypass Zhao's defenses and strike at the key city of Gyou, near Zhao's capital.

To carry out this risky maneuver, a powerful coalition army is formed—led by the tacticians Ou Sen (Wang Jian), Kan Ki (Huan Yi), and the warrior queen Yo Tan Wa (Yang Duanhe). Joining them are the next generation of Qin commanders: Xin's Fei Xin Force, Mou Ten (Meng Tian)'s Gaku Ka Unit, and Ou Hon (Wang Ben)'s Gyoku Hou Unit, each operating independently.

The fierce battle for Gyou begins, as the future of Qin's unification hangs in the balance.

(Source: MAL News)"
Mononoke Hime,8.67,"Jul 12, 1997","['Action', 'Adventure', 'Award Winning', 'Fantasy']",Original,Movie,1,PG-13 - Teens 13 or older,#83,#108,"1,376,889","24,174",https://myanimelist.net/images/anime/1355/147277.jpg,"When an Emishi village is attacked by a fierce demon boar, the young prince Ashitaka puts his life at stake to defend his tribe. With its dying breath, the beast curses the prince's arm, granting him demonic powers while gradually siphoning his life away. Instructed by the village elders to travel westward for a cure, Ashitaka arrives at Tatara, the Iron Town, where he finds himself embroiled in a fierce conflict: Lady Eboshi of Tatara, promoting constant deforestation, stands against Princess San and the sacred spirits of the forest, who are furious at the destruction brought by the humans. As the opposing forces of nature and mankind begin to clash in a desperate struggle for survival, Ashitaka attempts to seek harmony between the two, all the while battling the latent demon inside of him. Princess Mononoke is a tale depicting the connection of technology and nature, while showing the path to harmony that could be achieved by mutual acceptance.

[Written by MAL Rewrite]"
Jujutsu Kaisen: Shimetsu Kaiyuu - Zenpen,8.66,"Jan 9, 2026 to Mar 27, 2026","['Action', 'Supernatural']",Manga,TV,12,PG-13 - Teens 13 or older,#84,#570,"457,528","3,325",https://myanimelist.net/images/anime/1659/154920.jpg,"Kenjaku, the one known as Noritoshi Kamo and most recently as Suguru Getou, has initiated the next step in his destructive, thousand-year plan of ordinary humans' evolution and eventual eradication. The jujutsu world higher-ups reinstate 15-year-old Yuuji Itadori's execution, as Satoru Gojou is incapacitated as a result of Kenjaku's master plan in Shibuya. While Yuuji is unaware of this, he patrols the abandoned Tokyo streets with Chousou, exterminating any and all cursed spirits in his way.

Meanwhile, the bigoted and arrogant Naoya Zenin's pride takes a hit when Megumi Fushiguro is selected as the Zenin Clan's next head. To draw out Megumi and eliminate him, he goes after Yuuji—but Yuuta Okkotsu is set on being Yuuji's executioner. Kenjaku's ""Culling Game""—a rigorous battle royale spanning throughout Japan and forcing the jujutsu competitors to kill each other—is set in motion, and the young jujutsu sorcerers join the fray to settle old scores, free Gojou, and liberate the jujutsu world from the threat that is Kenjaku.

[Written by MAL Rewrite]"
Monogatari Series: Off & Monster Season,8.65,"Jul 6, 2024 to Oct 19, 2024","['Comedy', 'Mystery', 'Supernatural']",Light novel,ONA,14,R - 17+ (violence & profanity),#85,#2348,"102,553",887,https://myanimelist.net/images/anime/1142/146776.jpg,"Koyomi Araragi spent his last year of high school helping girls in his town resolve various supernatural afflictions. But now Araragi has departed for university, leaving his friends to fend for themselves against new problems and curses that plague them. Yotsugi Ononoki, once a human corpse and now a living doll, takes residence in Araragi's home, keeping watch over his sister Tsukihi, a girl harboring a mystical secret of her own. As part of her duties, Yotsugi fills Araragi's vacated role as occult expert, assisting others in town with their issues.

One of these girls, middle school student Nadeko Sengoku, slowly recovers from her own recent brushes with the paranormal. She avoids returning to school, instead spending time alone in her room and pursuing her dream of becoming a professional manga artist. In order to speed up Nadeko's quest for mastery of her craft, Yotsugi convinces her to create four copies of herself, each representing a distinct aspect of Nadeko's personality. However, the clones refuse to help Nadeko, instead escaping into the town and creating a chaotic mess. Now forced to grapple with her own fractured sense of identity, Nadeko sets out to capture them and resolve her inner conflict.

[Written by MAL Rewrite]"
Mushishi,8.65,"Oct 23, 2005 to Jun 19, 2006","['Adventure', 'Mystery', 'Slice of Life', 'Supernatural']",Manga,TV,26,PG-13 - Teens 13 or older,#86,#226,"903,672","28,325",https://myanimelist.net/images/anime/2/73862.jpg,"""Mushi"": the most basic forms of life in the world. They exist without any goals or purposes aside from simply ""being."" They are beyond the shackles of the words ""good"" and ""evil."" Mushi can exist in countless forms and are capable of mimicking things from the natural world such as plants, diseases, and even phenomena like rainbows.

This is, however, just a vague definition of these entities that inhabit the vibrant world of Mushishi, as to even call them a form of life would be an oversimplification. Detailed information on Mushi is scarce because the majority of humans are unaware of their existence.

So what are Mushi and why do they exist? This is the question that a ""Mushishi,"" Ginko, ponders constantly. Mushishi are those who research Mushi in hopes of understanding their place in the world's hierarchy of life.

Ginko chases rumors of occurrences that could be tied to Mushi, all for the sake of finding an answer.

It could, after all, lead to the meaning of life itself.

[Written by MAL Rewrite]"
Uma Musume: Pretty Derby - Shin Jidai no Tobira,8.65,"May 24, 2024",['Sports'],Game,Movie,1,PG-13 - Teens 13 or older,#87,#3367,"55,754",968,https://myanimelist.net/images/anime/1427/142210.jpg,"Running in the highest level of horse racing, the Twinkle Series, is the dream of many horse girls. Although she has only taken part in freestyle racing before, horse girl Jungle Pocket discovers that very same aspiration after she witnesses Fuji Kiseki's tremendous victory on a grand stage. Equipped with unwavering self-confidence, Jungle Pocket is quickly able to accumulate a few victories, allowing her to participate in higher-level races.

When Jungle Pocket takes part in her first G1 race alongside another rising racer—the highly intelligent and eccentric Agnes Tachyon—she realizes the enormous gap in their abilities. However, that only motivates Jungle Pocket even further as she resolves to get her revenge against Tachyon by winning the honored Triple Crown Classic title the following year. Although the world of horse racing is never predictable or easy, Jungle Pocket is determined to take down Tachyon and herald the beginning of a new era.

[Written by MAL Rewrite]"
Shigatsu wa Kimi no Uso,8.64,"Oct 10, 2014 to Mar 20, 2015","['Drama', 'Romance']",Manga,TV,22,PG-13 - Teens 13 or older,#88,#24,"2,414,681","89,979",https://myanimelist.net/images/anime/1405/143284.jpg,"Kousei Arima is a child prodigy known as the ""Human Metronome"" for playing the piano with precision and perfection. Guided by a strict mother and rigorous training, Kousei dominates every competition he enters, earning the admiration of his musical peers and praise from audiences. When his mother suddenly passes away, the subsequent trauma makes him unable to hear the sound of a piano, and he never takes the stage thereafter.

Nowadays, Kousei lives a quiet and unassuming life as a junior high school student alongside his friends Tsubaki Sawabe and Ryouta Watari. While struggling to get over his mother's death, he continues to cling to music. His monochrome life turns upside down the day he encounters the eccentric violinist Kaori Miyazono, who thrusts him back into the spotlight as her accompanist. Through a little lie, these two young musicians grow closer together as Kaori tries to fill Kousei's world with color.

[Written by MAL Rewrite]"
Shingeki no Kyojin Season 3,8.64,"Jul 23, 2018 to Oct 15, 2018","['Action', 'Drama', 'Suspense']",Manga,TV,12,R - 17+ (violence & profanity),#89,#18,"2,653,535","22,362",https://myanimelist.net/images/anime/1173/92110.jpg,"Still threatened by the ""Titans"" that rob them of their freedom, mankind remains caged inside the two remaining walls. Efforts to eradicate these monsters continue; however, threats arise not only from the Titans beyond the walls, but from the humans within them as well.

After being rescued from the Colossal and Armored Titans, Eren Yaeger devotes himself to improving his Titan form. Krista Lenz struggles to accept the loss of her friend, Captain Levi chooses Eren and his friends to form his new personal squad, and Commander Erwin Smith recovers from his injuries. All seems well for the soldiers, until the government suddenly demands custody of Eren and Krista. The Survey Corps' recent successes have drawn attention, and a familiar face from Levi's past is sent to collect the wanted soldiers. Sought after by the government, Levi and his new squad must evade their adversaries in hopes of keeping Eren and Krista safe.

Eren and his fellow soldiers are not only fighting for their survival against the terrifying Titans, but also against the terror of a far more conniving foe: their fellow humans.

[Written by MAL Rewrite]"
Tengen Toppa Gurren Lagann,8.64,"Apr 1, 2007 to Sep 30, 2007","['Adventure', 'Award Winning', 'Sci-Fi']",Original,TV,27,PG-13 - Teens 13 or older,#90,#66,"1,761,205","84,804",https://myanimelist.net/images/anime/4/5123.jpg,"Simon and Kamina were born and raised in a deep, underground village, hidden from the fabled surface. Kamina is a free-spirited loose cannon bent on making a name for himself, while Simon is a timid young boy with no real aspirations. One day while excavating the earth, Simon stumbles upon a mysterious object that turns out to be the ignition key to an ancient artifact of war, which the duo dubs Lagann. Using their new weapon, Simon and Kamina fend off a surprise attack from the surface with the help of Yoko Littner, a hot-blooded redhead wielding a massive gun who wanders the world above.

In the aftermath of the battle, the sky is now in plain view, prompting Simon and Kamina to set off on a journey alongside Yoko to explore the wastelands of the surface. Soon, they join the fight against the ""Beastmen,"" humanoid creatures that terrorize the remnants of humanity in powerful robots called ""Gunmen."" Although they face some challenges and setbacks, the trio bravely fights these new enemies alongside other survivors to reclaim the surface, while slowly unraveling a galaxy-sized mystery.

[Written by MAL Rewrite]"
Ginga Eiyuu Densetsu,9.02,"Jan 8, 1988 to Mar 17, 1997","['Drama', 'Sci-Fi']",Novel,OVA,110,R - 17+ (violence & profanity),#10,#755,"361,677","17,783",https://myanimelist.net/images/anime/1976/142016.jpg,"The 150-year-long stalemate between the two interstellar superpowers, the Galactic Empire and the Free Planets Alliance, comes to an end when a new generation of leaders arises: the idealistic military genius Reinhard von Lohengramm, and the FPA's reserved historian, Yang Wenli.

While Reinhard climbs the ranks of the Empire with the aid of his childhood friend, Siegfried Kircheis, he must fight not only the war, but also the remnants of the crumbling Goldenbaum Dynasty in order to free his sister from the Kaiser and unify humanity under one genuine ruler. Meanwhile, on the other side of the galaxy, Yang—a strong supporter of democratic ideals—has to stand firm in his beliefs, despite the struggles of the FPA, and show his pupil, Julian Mintz, that autocracy is not the solution.

As ideologies clash amidst the war's many casualties, the two strategic masterminds must ask themselves what the real reason behind their battle is.

[Written by MAL Rewrite]"
Tian Guan Cifu Er,8.64,"Oct 18, 2023 to Jan 17, 2024","['Action', 'Adventure', 'Drama', 'Fantasy']",Web novel,ONA,12,PG-13 - Teens 13 or older,#91,#3114,"64,392","1,302",https://myanimelist.net/images/anime/1203/139210.jpg,"Although most gods in the heavenly realm avoid dealing with the forgotten god Xie Lian, Heavenly Emperor Jun Wu holds him in good graces. Xie Lian's luck is otherwise terrible, and adding to his troubles, the gods seem to suspect that Xie Lian's recent companion was the dreaded Ghost King Hua Cheng. Despite what others may think of him, Xie Lian fondly recalls Hua Cheng's promise: the next time they meet, Hua Cheng will appear in his true form.

Jun Wu informs Xie Lian of the unsettling news that a god's distress signal was seen coming from the Ghost City—the most prosperous place in the ghost realm, where the only law is Hua Cheng himself. As Xie Lian has no qualms about stepping into Hua Cheng's territory, he infiltrates the city to locate the lost god. There, the genuine Hua Cheng is already waiting. He is the most feared being across the three realms, yet before Xie Lian, his arrogance erodes. Without revealing the reason for his generosity, he spares no power or means to ease the burdens of Xie Lian's endlessly unfortunate past.

[Written by MAL Rewrite]"
Fate/stay night Movie: Heaven's Feel - III. Spring Song,8.63,"Aug 15, 2020","['Action', 'Fantasy']",Visual novel,Movie,1,R - 17+ (violence & profanity),#92,#668,"406,179","8,489",https://myanimelist.net/images/anime/1142/112957.jpg,"The Fifth Holy Grail War in Fuyuki City has reached a turning point in which the lives of all participants are threatened as the hidden enemy finally reveals itself. As Shirou Emiya, Rin Toosaka, and Illyasviel von Einzbern discover the true, corruptive nature of the shadow that has been rampaging throughout the city, they realize just how dire the situation is. In order to protect their beloved ones, the group must hold their own against the seemingly insurmountable enemy force—even if some of those foes were once their allies, or perhaps, something more intimate.

As the final act of this chaotic war commences, the ideals Shirou believes will soon be challenged by an excruciating dilemma: is it really possible to save a world where everything seems to have gone wrong?

[Written by MAL Rewrite]"
Mo Dao Zu Shi: Wanjie Pian,8.63,"Aug 7, 2021 to Oct 16, 2021","['Action', 'Adventure', 'Drama', 'Fantasy', 'Mystery']",Web novel,ONA,12,R - 17+ (violence & profanity),#93,#2437,"96,527","1,744",https://myanimelist.net/images/anime/1634/116782.jpg,"Along an empty road in the rural countryside, Wei Wuxian and Lan Wangji stumble across a stone plaque that reads ""Yi City."" Still on their quest to unravel the mystery behind the cursed severed arm, they venture into the deserted city to obtain further leads.

However, with the appearance of a mysterious new cultivator, the demonic arm investigation leads Wei Wuxian and Lan Wangji to a plot that threatens the cultivation world as they know it. The gravity of the new situation escalates when the two find it involves the chief cultivator of the renowned Lanling Jin Sect—Jin Guangyao.

As the pair continue to piece together the crucial conspiracies of the cultivation history, their friends and colleagues grow suspicious of their motives. With the world against him, Wei Wuxian must prove he is not the demonic sorcerer people believe him to be to regain their trust and save the cultivation world from the sinister evil lurking within it.

[Written by MAL Rewrite]"
Natsume Yuujinchou Shi,8.63,"Jan 3, 2012 to Mar 27, 2012","['Slice of Life', 'Supernatural']",Manga,TV,13,PG-13 - Teens 13 or older,#94,#1060,"265,768","2,112",https://myanimelist.net/images/anime/3/37449.jpg,"Takashi Natsume, the timid youkai expert and master of the Book of Friends, continues his journey towards self-understanding and acceptance with the help of friends both new and old. His most important ally is still his gluttonous and sake-loving bodyguard, the arrogant but fiercely protective wolf spirit Madara—or Nyanko-sensei, as Madara is called when in his usual disguise of an unassuming, pudgy cat.

Natsume, while briefly separated from Nyanko-sensei, is ambushed and kidnapped by a strange group of masked, monkey-like youkai, who have spirited him away to their forest as they desperately search for the Book of Friends. Realizing that his ""servant"" has been taken out from right under his nose, Nyanko-sensei enlists the help of Natsume's youkai friends and mounts a rescue operation. However, the forest of the monkey spirits holds many dangerous enemies, including the Matoba Clan, Natsume's old nemesis.

Stretching from the formidable hideout of the Matoba to Natsume's own childhood home, Natsume Yuujinchou Shi is a sweeping but familiar return to a world of danger and friendship, where Natsume will finally confront the demons of his own past.

[Written by MAL Rewrite]"
Odd Taxi,8.63,"Apr 6, 2021 to Jun 29, 2021","['Award Winning', 'Drama', 'Mystery', 'Suspense']",Original,TV,13,PG-13 - Teens 13 or older,#95,#505,"507,811","9,158",https://myanimelist.net/images/anime/1981/113348.jpg,"Eccentric and blunt, the walrus Hiroshi Odokawa lives a relatively normal life. He drives a taxi for a living, and there he meets several unique individuals: the jobless Taichi Kabasawa who is dead-set on going viral, the mysterious nurse Miho Shirakawa, the struggling comedic duo ""Homo Sapiens,"" and Dobu, a well-known delinquent.

But Odokawa's simple way of life is about to be turned upside down. The case of a missing girl the police have been tracking leads back to him, and now both the yakuza and a duo of corrupt cops are on his tail.

[Written by MAL Rewrite]"
Ping Pong the Animation,8.63,"Apr 11, 2014 to Jun 20, 2014","['Award Winning', 'Drama', 'Sports']",Manga,TV,11,PG-13 - Teens 13 or older,#96,#607,"438,264","17,432",https://myanimelist.net/images/anime/1586/146565.jpg,"Despite being polar opposites, Makoto ""Smile"" Tsukimoto and Yutaka ""Peco"" Hoshino have been best friends since childhood. Although the overly confident Peco strives to be the best ping-pong player in the world, he often skips practice, earning the ire of his fellow teammates on the Katase High School ping-pong team. Meanwhile, Smile—in spite of his innate talent for the sport—cannot help but hold back his full strength when playing against others. Through their mutual love for ping-pong, the two have developed a bond that is seemingly unbreakable.

When Peco hears that an ex-national team player from China is coming to Japan, he drags Smile over to rival Tsujido High School to observe them. The subsequent trip leads to a clash between Peco and Kong Wenge, who overwhelmingly defeats the former in one game. Stunned by such a comprehensive loss, Peco finds himself questioning why he plays to begin with. Seeing his potential as a player, Katase's coach begins to train Smile to overcome his hesitation, but he is reluctant to play if it is not for enjoyment.

As the two struggle to find meaning in the sport, a plethora of stronger players—each with their own internal strifes—await them at the inter-high tournament, where only the very best can persevere. But when these young athletes let their unbridled ambition go unchecked, the hardships they face paint a somber reality as they pursue glory.

[Written by MAL Rewrite]"
Cyberpunk: Edgerunners,8.62,"Sep 13, 2022","['Action', 'Sci-Fi']",Game,ONA,10,R+ - Mild Nudity,#97,#175,"1,042,103","34,590",https://myanimelist.net/images/anime/1818/126435.jpg,"Dreams are doomed to die in Night City, a futuristic Californian metropolis. As a teenager living in the city's slums, David Martinez is trying to fulfill his mother's lifelong wish for him to reach the top of Arasaka, the world's leading security corporation. To this end, he attends the prestigious Arasaka Academy while his mother works tirelessly to keep their family afloat.

When an incident with a street gang leaves David's life in tatters, he stumbles upon Sandevistan cyberware—a prosthetic that grants its wearer superhuman speed. Fueled by rage, David implants the device in his back, using it to exact revenge on one of his tormentors. This gets him expelled from the academy, shattering his hopes of ever making his mother proud.

After witnessing David's newfound abilities, the beautiful data thief Lucyna ""Lucy"" Kushinada offers to team up with him, handing him a ticket to salvation. However, associating with Lucy introduces David to the world of Edgerunners—cyborg criminals who will break any law for money. Edgerunners often lose their lives, if the cyberware does not break their minds first; but in his fight for survival inside a corrupt system, David is ready to risk it all.

[Written by MAL Rewrite]"
Death Note,8.62,"Oct 4, 2006 to Jun 27, 2007","['Supernatural', 'Suspense']",Manga,TV,37,R - 17+ (violence & profanity),#98,#2,"4,281,556","185,230",https://myanimelist.net/images/anime/1079/138100.jpg,"Brutal murders, petty thefts, and senseless violence pollute the human world. In contrast, the realm of death gods is a humdrum, unchanging gambling den. The ingenious 17-year-old Japanese student Light Yagami and sadistic god of death Ryuk share one belief: their worlds are rotten.

For his own amusement, Ryuk drops his Death Note into the human world. Light stumbles upon it, deeming the first of its rules ridiculous: the human whose name is written in this note shall die. However, the temptation is too great, and Light experiments by writing a felon's name, which disturbingly enacts his first murder.

Aware of the terrifying godlike power that has fallen into his hands, Light—under the alias Kira—follows his wicked sense of justice with the ultimate goal of cleansing the world of all evil-doers. The meticulous mastermind detective L is already on his trail, but as Light's brilliance rivals L's, the grand chase for Kira turns into an intense battle of wits that can only end when one of them is dead.

[Written by MAL Rewrite]"
Haikyuu!! Second Season,8.62,"Oct 4, 2015 to Mar 27, 2016",['Sports'],Manga,TV,25,PG-13 - Teens 13 or older,#99,#87,"1,562,384","16,105",https://myanimelist.net/images/anime/9/76662.jpg,"Following their participation at the Inter-High, the Karasuno High School volleyball team attempts to refocus their efforts, aiming to conquer the Spring tournament instead. 

When they receive an invitation from long-standing rival Nekoma High, Karasuno agrees to take part in a large training camp alongside many notable volleyball teams in Tokyo and even some national level players. By playing with some of the toughest teams in Japan, they hope not only to sharpen their skills, but also come up with new attacks that would strengthen them. Moreover, Hinata and Kageyama attempt to devise a more powerful weapon, one that could possibly break the sturdiest of blocks. 

Facing what may be their last chance at victory before the senior players graduate, the members of Karasuno's volleyball team must learn to settle their differences and train harder than ever if they hope to overcome formidable opponents old and new—including their archrival Aoba Jousai and its world-class setter Tooru Oikawa.

[Written by MAL Rewrite]"
Look Back,8.62,"Jun 28, 2024","['Award Winning', 'Drama']",Manga,Movie,1,PG-13 - Teens 13 or older,#100,#1179,"239,213","4,926",https://myanimelist.net/images/anime/1716/142633.jpg,"Ayumu Fujino may only be in the fourth grade, but she already basks in high praise for her hand-drawn four-panel comics featured in the school's newspaper. However, when she is asked to share the page with Kyoumoto—a reclusive student she has never met—Fujino feels inadequate for the first time: her free-spirited drawings look embarrassingly amateurish next to Kyoumoto's breathtakingly detailed art.

For a year, Fujino shuts out the world, obsessively studying manga creation and drawing tirelessly to catch up to her faceless competition. But Kyoumoto's talent far exceeds hers, and Fujino quits it all. Another year passes, and on the day of their graduation, Fujino finally meets Kyoumoto. This unkempt, shy, and stuttering girl has actually been Fujino's biggest fan all along. Their encounter reignites Fujino's passion for art and sparks the beginning of a years-long friendship built on rivalry, admiration, and their shared love of manga.

[Written by MAL Rewrite]"
